t_wall_ns,armed,heading_rad,roll_rate,pitch_rate,yaw_rate,thrust
1785544468375969200,0,0.0000,-0.0,-0.0,0.0,0.0
1785544468460387000,0,0.0000,-0.0,-0.0,0.0,0.0
1785544468481405300,0,0.0000,-0.0,-0.0,0.0,0.0
1785544468502038500,0,0.0000,-0.0,-0.0,0.0,0.0
1785544468521377200,0,0.0000,-0.0,-0.0,0.0,0.0
1785544468541548500,0,0.0000,-0.0,-0.0,0.0,0.0
1785544468561280200,0,0.0000,-0.0,-0.0,0.0,0.0
1785544468581522300,0,0.0000,-0.0,-0.0,0.0,0.0
1785544468601499700,0,0.0000,-0.0,-0.0,0.0,0.0
1785544468621465400,0,0.0000,-0.0,-0.0,0.0,0.0
1785544468640695100,0,0.0000,-0.0,-0.0,0.0,0.0
1785544468661664600,0,0.0000,-0.0,-0.0,0.0,0.0
1785544468681463500,0,0.0000,-0.0,-0.0,0.0,0.0
1785544468700748900,0,0.0000,-0.0,-0.0,0.0,0.0
1785544468720696200,0,0.0000,-0.0,-0.0,0.0,0.0
1785544468741444000,0,0.0000,-0.0,-0.0,0.0,0.0
1785544468761525400,0,0.0000,-0.0,-0.0,0.0,0.0
1785544468781175400,0,0.0000,-0.0,-0.0,0.0,0.0
1785544468800728600,0,0.0000,-0.0,-0.0,0.0,0.0
1785544468821553400,0,0.0000,-0.0,-0.0,0.0,0.0
1785544468840659000,0,0.0000,-0.0,-0.0,0.0,0.0
1785544468861605600,0,0.0000,-0.0,-0.0,0.0,0.0
1785544468881468800,0,0.0000,-0.0,-0.0,0.0,0.0
1785544468900698400,0,0.0000,-0.0,-0.0,0.0,0.0
1785544468920784300,0,0.0000,-0.0,-0.0,0.0,0.0
1785544468941484100,0,0.0000,-0.0,-0.0,0.0,0.0
1785544468961664400,0,0.0000,-0.0,-0.0,0.0,0.0
1785544468981486800,0,0.0000,-0.0,-0.0,0.0,0.0
1785544469001657400,0,0.0000,-0.0,-0.0,0.0,0.0
1785544469021161400,0,0.0000,-0.0,-0.0,0.0,0.0
1785544469040771700,0,0.0000,-0.0,-0.0,0.0,0.0
1785544469061445100,0,0.0000,-0.0,-0.0,0.0,0.0
1785544469081645400,0,0.0000,-0.0,-0.0,0.0,0.0
1785544469101594100,0,0.0000,-0.0,-0.0,0.0,0.0
1785544469121334000,0,0.0000,-0.0,-0.0,0.0,0.0
1785544469140799000,0,0.0000,-0.0,-0.0,0.0,0.0
1785544469161286000,0,0.0000,-0.0,-0.0,0.0,0.0
1785544469180649200,0,0.0000,-0.0,-0.0,0.0,0.0
1785544469201493500,0,0.0000,-0.0,-0.0,0.0,0.0
1785544469221549300,0,0.0000,-0.0,-0.0,0.0,0.0
1785544469241576700,0,0.0000,-0.0,-0.0,0.0,0.0
1785544469261428200,0,0.0000,-0.0,-0.0,0.0,0.0
1785544469280711700,0,0.0000,-0.0,-0.0,0.0,0.0
1785544469301662900,0,0.0000,-0.0,-0.0,0.0,0.0
1785544469321569700,0,0.0000,-0.0,-0.0,0.0,0.0
1785544469341434100,0,0.0000,-0.0,-0.0,0.0,0.0
1785544469361602600,0,0.0000,-0.0,-0.0,0.0,0.0
1785544469381568700,0,0.0000,-0.0,-0.0,0.0,0.0
1785544469401666600,0,0.0000,-0.0,-0.0,0.0,0.0
1785544469421600700,0,0.0000,-0.0,-0.0,0.0,0.0
1785544469441274900,0,0.0000,-0.0,-0.0,0.0,0.0
1785544469460826100,0,0.0000,-0.0,-0.0,0.0,0.0
1785544469481448100,0,0.0000,-0.0,-0.0,0.0,0.0
1785544469500676400,0,0.0000,-0.0,-0.0,0.0,0.0
1785544469520837600,0,0.0000,-0.0,-0.0,0.0,0.0
1785544469541504200,0,0.0000,-0.0,-0.0,0.0,0.0
1785544469561673300,0,0.0000,-0.0,-0.0,0.0,0.0
1785544469580793700,0,0.0000,-0.0,-0.0,0.0,0.0
1785544469600827900,0,0.0000,-0.0,-0.0,0.0,0.0
1785544469621197300,0,0.0000,-0.0,-0.0,0.0,0.0
1785544469640768100,0,0.0000,-0.0,-0.0,0.0,0.0
1785544469661522200,0,0.0000,-0.0,-0.0,0.0,0.0
1785544469681516800,0,0.0000,-0.0,-0.0,0.0,0.0
1785544469701615400,0,0.0000,-0.0,-0.0,0.0,0.0
1785544469721633000,0,0.0000,-0.0,-0.0,0.0,0.0
1785544469741680500,0,0.0000,-0.0,-0.0,0.0,0.0
1785544469760782900,0,0.0000,-0.0,-0.0,0.0,0.0
1785544469781356900,0,0.0000,-0.0,-0.0,0.0,0.0
1785544469800711000,0,0.0000,-0.0,-0.0,0.0,0.0
1785544469821570000,0,0.0000,-0.0,-0.0,0.0,0.0
1785544469841421600,0,0.0000,-0.0,-0.0,0.0,0.0
1785544469861418700,0,0.0000,-0.0,-0.0,0.0,0.0
1785544469880646100,0,0.0000,-0.0,-0.0,0.0,0.0
1785544469901520700,0,0.0000,-0.0,-0.0,0.0,0.0
1785544469921602100,0,0.0000,-0.0,-0.0,0.0,0.0
1785544469940779800,0,0.0000,-0.0,-0.0,0.0,0.0
1785544469961560500,0,0.0000,-0.0,-0.0,0.0,0.0
1785544469981156200,0,0.0000,-0.0,-0.0,0.0,0.0
1785544470001323300,0,0.0000,-0.0,-0.0,0.0,0.0
1785544470020708700,0,0.0000,-0.0,-0.0,0.0,0.0
1785544470041528600,0,0.0000,-0.0,-0.0,0.0,0.0
1785544470060713400,0,0.0000,-0.0,-0.0,0.0,0.0
1785544470080646600,0,0.0000,-0.0,-0.0,0.0,0.0
1785544470101307800,0,0.0000,-0.0,-0.0,0.0,0.0
1785544470120722000,0,0.0000,-0.0,-0.0,0.0,0.0
1785544470141364900,0,0.0000,-0.0,-0.0,0.0,0.0
1785544470161588100,0,0.0000,-0.0,-0.0,0.0,0.0
1785544470181224900,0,0.0000,-0.0,-0.0,0.0,0.0
1785544470201432200,0,0.0000,-0.0,-0.0,0.0,0.0
1785544470221373300,0,0.0000,-0.0,-0.0,0.0,0.0
1785544470241637100,0,0.0000,-0.0,-0.0,0.0,0.0
1785544470261502300,0,0.0000,-0.0,-0.0,0.0,0.0
1785544470281276300,0,0.0000,-0.0,-0.0,0.0,0.0
1785544470301515400,0,0.0000,-0.0,-0.0,0.0,0.0
1785544470321578300,0,0.0000,-0.0,-0.0,0.0,0.0
1785544470341636100,0,0.0000,-0.0,-0.0,0.0,0.0
1785544470361154900,0,0.0000,-0.0,-0.0,0.0,0.0
1785544470380636700,0,0.0000,-0.0,-0.0,0.0,0.0
1785544470401615300,0,0.0000,-0.0,-0.0,0.0,0.0
1785544470421364000,0,0.0000,-0.0,-0.0,0.0,0.0
1785544470441407900,0,0.0000,-0.0,-0.0,0.0,0.0
1785544470460670200,0,0.0000,-0.0,-0.0,0.0,0.0
1785544470481433600,0,0.0000,-0.0,-0.0,0.0,0.0
1785544470501499000,0,0.0000,-0.0,-0.0,0.0,0.0
1785544470521570200,0,0.0000,-0.0,-0.0,0.0,0.0
1785544470541190100,0,0.0000,-0.0,-0.0,0.0,0.0
1785544470561557000,0,0.0000,-0.0,-0.0,0.0,0.0
1785544470580650500,0,0.0000,-0.0,-0.0,0.0,0.0
1785544470601458100,0,0.0000,-0.0,-0.0,0.0,0.0
1785544470622033600,0,0.0000,-0.0,-0.0,0.0,0.0
1785544470640731400,0,0.0000,-0.0,-0.0,0.0,0.0
1785544470662091700,0,0.0000,-0.0,-0.0,0.0,0.0
1785544470681630000,0,0.0000,-0.0,-0.0,0.0,0.0
1785544470701410200,0,0.0000,-0.0,-0.0,0.0,0.0
1785544470721465300,0,0.0000,-0.0,-0.0,0.0,0.0
1785544470741147900,0,0.0000,-0.0,-0.0,0.0,0.0
1785544470761420400,0,0.0000,-0.0008032092009671032,-1.242773413658142,0.0,0.2783257327755051
1785544470781291800,0,0.0000,-0.0008032092009671032,-1.242773413658142,0.0,0.2783257327755051
1785544470801381600,0,0.0001,-0.0009672600426711142,-1.2425384521484375,0.0,0.2783204863581947
1785544470820609100,0,0.0000,-0.0013187971198931336,-1.2295063734054565,0.0,0.27803117290674106
1785544470841166000,0,0.0000,-0.00031744877924211323,-1.1195096969604492,0.0,0.27572879990649857
1785544470861899500,0,-0.0002,-0.0020900487434118986,-1.003674864768982,0.0,0.27356685929563673
1785544470880680000,0,-0.0003,-0.00034514558501541615,-0.9041089415550232,0.0,0.2719163538637671
1785544470901382800,0,-0.0003,3.790058690356091e-05,-0.8286199569702148,0.0,0.2707894717553605
1785544470921615000,0,-0.0002,0.00011098216054961085,-0.7617406249046326,0.0,0.26987888158310475
1785544470941512300,0,-0.0002,3.3643311780906515e-06,-0.6443399786949158,0.0,0.2684757289606257
1785544470960668100,0,-0.0001,1.4747805607839837e-06,-0.5984525084495544,0.0,0.2679938077347079
1785544470980691400,0,-0.0001,1.0291077160218265e-05,-0.5474691390991211,0.0,0.26750159860643374
1785544471000660400,0,-0.0002,1.7054835552698933e-05,-0.4945511519908905,0.0,0.2670384163845411
1785544471021531400,0,-0.0002,1.5932384485495277e-05,-0.45317599177360535,0.0,0.2667098510673752
1785544471041260800,0,-0.0002,1.3105694961268455e-05,-0.42183825373649597,0.0,0.26648048772828753
1785544471061334900,0,-0.0002,1.1497206287458539e-05,-0.3451838195323944,0.0,0.2659897974452986
1785544471081391600,0,-0.0002,1.2691841220657807e-05,-0.31369873881340027,0.0,0.2658170257779992
1785544471101217800,0,-0.0002,1.3546903574024327e-05,-0.2889103591442108,0.0,0.2656927349812598
1785544471121357100,0,-0.0002,1.4081099834584165e-05,-0.26331377029418945,0.0,0.26557521190613415
1785544471141521600,0,-0.0002,1.4059483874007128e-05,-0.23672102391719818,0.0,0.26546473326724396
1785544471161640300,0,-0.0002,1.3760943147644866e-05,-0.215330109000206,0.0,0.2653844413728118
1785544471181601500,0,-0.0002,1.3202244190324564e-05,-0.17713163793087006,0.0,0.2652600418000788
1785544471201445100,0,-0.0002,1.2905614312330727e-05,-0.15620611608028412,0.0,0.2652021938828714
1785544471221544100,0,-0.0002,1.2641718058148399e-05,-0.14095352590084076,0.0,0.26516461618914394
1785544471241220100,0,-0.0002,1.2401668755046558e-05,-0.12945079803466797,0.0,0.26513883370909497
1785544471261561400,0,-0.0002,1.1685054232657421e-05,-0.10269784182310104,0.0,0.2650873650708012
1785544471281176300,0,-0.0002,1.1305961379548535e-05,-0.09145449846982956,0.0,0.26506927884695464
1785544471301396000,0,-0.0002,1.0995867341989651e-05,-0.0829777643084526,0.0,0.26505702919479046
1785544471321196800,0,-0.0002,1.0626501534716226e-05,-0.07436370104551315,0.0,0.2650458015782939
1785544471342019800,0,-0.0002,1.0180763638345525e-05,-0.06532382220029831,0.0,0.26503534169266124
1785544471361700400,0,-0.0002,9.815473276830744e-06,-0.05854463204741478,0.0,0.2650283863030511
1785544471381562700,0,-0.0002,9.098729606193956e-06,-0.04650115594267845,0.0,0.2650179080321905
1785544471401163800,0,-0.0002,8.63463446876267e-06,-0.03967475891113281,0.0,0.2650130359387679
1785544471421504800,0,-0.0002,8.246928700827993e-06,-0.03470420464873314,0.0,0.26500997410034116
1785544471441432500,0,-0.0002,7.937489499454387e-06,-0.031067846342921257,0.0,0.2650079933556666
1785544471461859700,0,-0.0002,7.1578301685804036e-06,-0.022732732817530632,0.0,0.2650042796187201
1785544471480672600,0,-0.0002,6.807653790019685e-06,-0.019379138946533203,0.0,0.26500311006273675
1785544471501380600,0,-0.0002,6.5175322561117355e-06,-0.01681184582412243,0.0,0.26500234061484224
1785544471521499200,0,-0.0002,6.19481261310284e-06,-0.014274596236646175,0.0,0.2650016874307061
1785544471541439000,0,-0.0002,5.554111794481287e-06,-0.00968313217163086,0.0,0.2650007764773981
1785544471560665800,0,-0.0002,5.301701094140299e-06,-0.00802373792976141,0.0,0.26500053315106875
1785544471581439400,0,-0.0002,5.301701094140299e-06,-0.00802373792976141,0.0,0.26500053315106875
1785544471600640500,0,-0.0002,4.713751422968926e-06,-0.00463819457218051,0.0,0.2650001781535637
1785544471621493700,0,-0.0002,4.460714535525767e-06,-0.0034136769827455282,0.0,0.26500009650317824
1785544471641257300,0,-0.0002,4.242348040861543e-06,-0.0024352071341127157,0.0,0.26500004910990516
1785544471661339900,0,-0.0002,3.997951353085227e-06,-0.0014271736145019531,0.0,0.2650000168675864
1785544471681353300,0,-0.0002,3.5087098240182968e-06,0.0003881454176735133,0.0,0.26500000124772916
1785544471700654300,0,-0.0002,3.331883817736525e-06,0.0009846687316894531,0.0,0.2650000080293645
1785544471721528500,0,-0.0002,3.1392951314046513e-06,0.0015735625056549907,0.0,0.26500002050527743
1785544471741843400,0,-0.0002,2.9289810754562495e-06,0.0021071431692689657,0.0,0.26500003676925876
1785544471760661300,0,-0.0002,2.63576384895714e-06,0.0027294158935546875,0.0,0.26500006169298973
1785544471780603200,0,-0.0002,2.4677799501660047e-06,0.0030164718627929688,0.0,0.2650000753520109
1785544471801538600,0,-0.0002,2.2791000446886756e-06,0.0032849309500306845,0.0,0.2650000893611434
1785544471821626900,0,-0.0002,2.0391094039950985e-06,0.003538608318194747,0.0,0.26500010369580074
1785544471841636100,0,-0.0002,1.9152596451021964e-06,0.0036239621695131063,0.0,0.26500010875856694
1785544471861557000,0,-0.0002,1.7798439557736856e-06,0.0036935803946107626,0.0,0.26500011297731874
1785544471881478000,0,-0.0002,1.6734035170884454e-06,0.003721236949786544,0.0,0.2650001146755388
1785544471901374100,0,-0.0002,1.6734035170884454e-06,0.003721236949786544,0.0,0.2650001146755388
1785544471921186400,0,-0.0002,1.4960486396375927e-06,0.0037117002066224813,0.0,0.26500011408850893
1785544471940672500,0,-0.0002,1.3856498526365613e-06,0.0036759371869266033,0.0,0.26500011190056355
1785544471961743200,0,-0.0002,1.3014409887546208e-06,0.0036282537039369345,0.0,0.26500010901628923
1785544471981545600,0,-0.0002,1.1595209343795432e-06,0.0035071370657533407,0.0,0.2650001018595049
1785544472001421400,0,-0.0002,1.0655305686668726e-06,0.003412246471270919,0.0,0.26500009642216005
1785544472021350600,0,-0.0002,9.899486030917615e-07,0.00332546210847795,0.0,0.26500009157987925
1785544472041344500,0,-0.0002,9.312448128184769e-07,0.0032477376516908407,0.0,0.2650000873489987
1785544472060731400,0,-0.0002,8.661661468067905e-07,0.0031514165457338095,0.0,0.26500008224465105
1785544472080614200,0,-0.0002,7.266406782946433e-07,0.0029258725699037313,0.0,0.2650000708935679
1785544472101135900,0,-0.0002,6.766538831470825e-07,0.0028314588125795126,0.0,0.2650000663921157
1785544472120672000,0,-0.0002,6.342925189528614e-07,0.0027246472891420126,0.0,0.26500006147755445
1785544472140663200,0,-0.0002,5.917376029174193e-07,0.0026049611624330282,0.0,0.26500005619510675
1785544472161444800,0,-0.0002,5.190359502194042e-07,0.0024156568106263876,0.0,0.26500004832439783
1785544472180620400,0,-0.0002,4.812964107259177e-07,0.0023093221243470907,0.0,0.2650000441636549
1785544472201096300,0,-0.0002,4.3834882035298506e-07,0.0021886825561523438,0.0,0.2650000396699379
1785544472221356300,0,-0.0002,4.1340896927977155e-07,0.0020914077758789062,0.0,0.2650000362220811
1785544472241386400,0,-0.0002,3.581505438887689e-07,0.001917838933877647,0.0,0.26500003045932075
1785544472261518900,0,-0.0002,3.3089247608586447e-07,0.0018091200618073344,0.0,0.2650000271038339
1785544472281480100,0,-0.0002,2.9223306796666293e-07,0.00171995151322335,0.0,0.2650000244978713
1785544472301542800,0,-0.0002,2.6537765052125906e-07,0.001646995428018272,0.0,0.26500002246367077
1785544472321286500,0,-0.0002,2.4253472474811133e-07,0.0015659331111237407,0.0,0.26500002030684006
1785544472341527300,0,-0.0002,2.0497004982189537e-07,0.0013980864314362407,0.0,0.26500001618691066
1785544472360748800,0,-0.0002,1.9629133873877436e-07,0.0013327597407624125,0.0,0.2650000147095591
1785544472381672400,0,-0.0002,1.9629133873877436e-07,0.0013327597407624125,0.0,0.2650000147095591
1785544472401377400,0,-0.0002,1.5033313616186206e-07,0.0011816024780273438,0.0,0.2650000115621528
1785544472421161000,0,-0.0002,1.346117812772718e-07,0.0011177061824128032,0.0,0.2650000103454937
1785544472441283100,0,-0.0002,1.2462189147299796e-07,0.001060008886270225,0.0,0.2650000093049689
1785544472460574600,0,-0.0002,1.1618325856943557e-07,0.0009937286376953125,0.0,0.26500000817770664
1785544472481462000,0,-0.0002,9.252642030332936e-08,0.000869274081196636,0.0,0.26500000625762266
1785544472501581200,0,-0.0002,7.127069778789519e-08,0.0008230208768509328,0.0,0.2650000056094155
1785544472521461700,0,-0.0002,6.952651432357015e-08,0.000773906649556011,0.0,0.2650000049599016
1785544472541543300,0,-0.0002,7.710109883873884e-08,0.0007224082364700735,0.0,0.26500000432176635
1785544472560638400,0,-0.0002,8.326125566782139e-08,0.00067901611328125,0.0,0.2650000038181771
1785544472580663300,0,-0.0002,9.019096580686892e-08,0.0006017684936523438,0.0,0.26500000299885046
1785544472601417100,0,-0.0002,9.272078926869654e-08,0.0005564689636230469,0.0,0.26500000256435297
1785544472621269800,0,-0.0002,9.410992873881696e-08,0.000522613525390625,0.0,0.26500000226181564
1785544472641371000,0,-0.0002,8.293220332689089e-08,0.0004644393629860133,0.0,0.2650000017862982
1785544472661989900,0,-0.0002,6.948962294472949e-08,0.0004296302795410156,0.0,0.2650000015285712
1785544472681551600,0,-0.0002,6.209513969679392e-08,0.0004024505615234375,0.0,0.26500000134128476
1785544472701308400,0,-0.0002,5.744396602835877e-08,0.00038003918598406017,0.0,0.2650000011960592
1785544472721272700,0,-0.0002,5.3494925822406e-08,0.0003561973280739039,0.0,0.2650000010506964
1785544472741344100,0,-0.0002,4.873157877227641e-08,0.00030946728656999767,0.0,0.2650000007930954
1785544472760616400,0,-0.0002,3.8450057360250867e-08,0.0002913474745582789,0.0,0.2650000007029403
1785544472781581700,0,-0.0002,2.7729184282065944e-08,0.0002717971510719508,0.0,0.26500000061176654
1785544472800721700,0,-0.0002,2.6705277988980924e-08,0.0002512931823730469,0.0,0.2650000005229466
1785544472820636200,0,-0.0002,2.8728832646152114e-08,0.0002350807044422254,0.0,0.2650000004576462
1785544472841291100,0,-0.0002,2.9970397719125685e-08,0.00022220610117074102,0.0,0.26500000040889127
1785544472861304800,0,-0.0002,2.628666884163522e-08,0.00020694731210824102,0.0,0.26500000035466265
1785544472881585900,0,-0.0002,1.5112957996166188e-08,0.00017642973398324102,0.0,0.26500000025777426
1785544472901601100,0,-0.0002,1.2635609891731292e-08,0.00016546247934456915,0.0,0.2650000002267227
1785544472921084700,0,-0.0002,1.1411926514881543e-08,0.0001530647132312879,0.0,0.26500000019401987
1785544472941535600,0,-0.0002,5.811692016521874e-09,0.00014066694711800665,0.0,0.2650000001638627
1785544472961340200,0,-0.0002,1.2022435491587657e-08,0.00012350082397460938,0.0,0.2650000001263094
1785544472981951400,0,-0.0002,1.2022435491587657e-08,0.00012350082397460938,0.0,0.2650000001263094
1785544473001535500,0,-0.0002,2.6108402551017207e-08,0.00010442733764648438,0.0,0.2650000000903076
1785544473021600100,0,-0.0002,2.6108402551017207e-08,0.00010442733764648438,0.0,0.2650000000903076
1785544473041597900,0,-0.0002,2.4384855024095486e-08,9.107588994083926e-05,0.0,0.2650000000686915
1785544473061465500,0,-0.0002,9.018490843004656e-09,7.629393803654239e-05,0.0,0.26500000004820323
1785544473081593700,0,-0.0002,9.018490843004656e-09,7.629393803654239e-05,0.0,0.26500000004820323
1785544473101503800,0,-0.0002,7.992379202903521e-09,6.532669067382812e-05,0.0,0.26500000003534085
1785544473121583200,0,-0.0002,7.992379202903521e-09,6.532669067382812e-05,0.0,0.26500000003534085
1785544473141130500,0,-0.0002,7.407734425868284e-09,5.531310671358369e-05,0.0,0.26500000002533686
1785544473161396900,0,-0.0002,7.175477545473541e-09,4.768371218233369e-05,0.0,0.2650000000188294
1785544473180646400,0,-0.0002,7.175477545473541e-09,4.768371218233369e-05,0.0,0.2650000000188294
1785544473200689100,0,-0.0002,7.039819838183803e-09,3.957748049288057e-05,0.0,0.2650000000129716
1785544473221505500,0,-0.0002,7.039819838183803e-09,3.957748049288057e-05,0.0,0.2650000000129716
1785544473240671000,0,-0.0002,7.039819838183803e-09,3.957748049288057e-05,0.0,0.2650000000129716
1785544473260712000,0,-0.0002,6.969826049640915e-09,3.0994415283203125e-05,0.0,0.2650000000079554
1785544473281197500,0,-0.0002,6.969826049640915e-09,3.0994415283203125e-05,0.0,0.2650000000079554
1785544473300609400,0,-0.0002,6.944401942376999e-09,2.2888181774760596e-05,0.0,0.2650000000043383
1785544473320571400,0,-0.0002,6.944401942376999e-09,2.2888181774760596e-05,0.0,0.2650000000043383
1785544473341278500,0,-0.0002,6.944401942376999e-09,2.2888181774760596e-05,0.0,0.2650000000043383
1785544473361424500,0,-0.0002,6.944401942376999e-09,2.2888181774760596e-05,0.0,0.2650000000043383
1785544473381642900,0,-0.0002,6.934016028026235e-09,1.4781950994802173e-05,0.0,0.2650000000018095
1785544473400718000,0,-0.0002,6.934016028026235e-09,1.4781950994802173e-05,0.0,0.2650000000018095
1785544473420686000,0,-0.0002,6.934016028026235e-09,1.4781950994802173e-05,0.0,0.2650000000018095
1785544473441264900,0,-0.0002,6.934016028026235e-09,1.4781950994802173e-05,0.0,0.2650000000018095
1785544473461602300,0,-0.0002,6.934016028026235e-09,1.4781950994802173e-05,0.0,0.2650000000018095
1785544473480564500,0,-0.0002,6.93228452419703e-09,7.152556918299524e-06,0.0,0.2650000000004237
1785544473501551000,0,-0.0002,6.93228452419703e-09,7.152556918299524e-06,0.0,0.2650000000004237
1785544473520682500,0,-0.0002,6.93228452419703e-09,7.152556918299524e-06,0.0,0.2650000000004237
1785544473541440700,0,-0.0002,6.93228452419703e-09,7.152556918299524e-06,0.0,0.2650000000004237
1785544473561327200,0,-0.0002,6.93228452419703e-09,7.152556918299524e-06,0.0,0.2650000000004237
1785544473580637200,0,-0.0002,6.93228452419703e-09,7.152556918299524e-06,0.0,0.2650000000004237
1785544473600797000,0,-0.0002,6.93228452419703e-09,7.152556918299524e-06,0.0,0.2650000000004237
1785544473621443600,0,-0.0002,6.93228452419703e-09,7.152556918299524e-06,0.0,0.2650000000004237
1785544473641325600,0,-0.0002,6.93228452419703e-09,7.152556918299524e-06,0.0,0.2650000000004237
1785544473661556400,0,-0.0002,6.93228452419703e-09,7.152556918299524e-06,0.0,0.2650000000004237
1785544473681241600,0,-0.0002,1.0431437935665144e-09,0.0,0.0,0.265
1785544473700733200,0,-0.0002,1.0431437935665144e-09,0.0,0.0,0.265
1785544473721529400,0,-0.0002,1.0431437935665144e-09,0.0,0.0,0.265
1785544473740557800,0,-0.0002,1.0431437935665144e-09,0.0,0.0,0.265
1785544473761504300,0,-0.0002,1.0431437935665144e-09,0.0,0.0,0.265
1785544473780559600,0,-0.0002,1.0431437935665144e-09,0.0,0.0,0.265
1785544473800654500,0,-0.0002,1.0431437935665144e-09,0.0,0.0,0.265
1785544473821511100,0,-0.0002,1.0431437935665144e-09,0.0,0.0,0.265
1785544473841179300,0,-0.0002,1.0431437935665144e-09,0.0,0.0,0.265
1785544473861373500,0,-0.0002,1.0431437935665144e-09,0.0,0.0,0.265
1785544473880676600,0,-0.0002,1.0431437935665144e-09,0.0,0.0,0.265
1785544473900653400,0,-0.0002,1.0431437935665144e-09,0.0,0.0,0.265
1785544473921329000,0,-0.0002,1.0431437935665144e-09,0.0,0.0,0.265
1785544473940593400,0,-0.0002,1.0431437935665144e-09,0.0,0.0,0.265
1785544473961477700,0,-0.0002,1.0431437935665144e-09,0.0,0.0,0.265
1785544473981175400,0,-0.0002,1.0431437935665144e-09,0.0,0.0,0.265
1785544474000609400,0,-0.0002,1.0431437935665144e-09,0.0,0.0,0.265
1785544474021239500,0,-0.0002,1.0431437935665144e-09,0.0,0.0,0.265
1785544474041499400,0,-0.0002,1.0431437935665144e-09,0.0,0.0,0.265
1785544474061414500,0,-0.0002,1.0431437935665144e-09,0.0,0.0,0.265
1785544474081457400,0,-0.0002,1.0431437935665144e-09,0.0,0.0,0.265
1785544474100672600,0,-0.0002,1.0431437935665144e-09,0.0,0.0,0.265
1785544474121439900,0,-0.0002,1.0431437935665144e-09,0.0,0.0,0.265
1785544474141071900,0,-0.0002,1.0431437935665144e-09,0.0,0.0,0.265
1785544474161279600,0,-0.0002,1.0431437935665144e-09,0.0,0.0,0.265
1785544474181134800,0,-0.0002,1.0431437935665144e-09,0.0,0.0,0.265
1785544474200735000,0,-0.0002,1.0431437935665144e-09,0.0,0.0,0.265
1785544474221582200,0,-0.0002,1.0431437935665144e-09,0.0,0.0,0.265
1785544474241208700,0,-0.0002,1.0431437935665144e-09,0.0,0.0,0.265
1785544474261549000,0,-0.0002,1.0431437935665144e-09,0.0,0.0,0.265
1785544474281532700,0,-0.0002,1.0431437935665144e-09,0.0,0.0,0.265
1785544474300661800,0,-0.0002,1.0431437935665144e-09,0.0,0.0,0.265
1785544474321294300,0,-0.0002,1.0431437935665144e-09,0.0,0.0,0.265
1785544474341288800,0,-0.0002,1.0431437935665144e-09,0.0,0.0,0.265
1785544474361528400,0,-0.0002,1.0431437935665144e-09,0.0,0.0,0.265
1785544474381334700,0,-0.0002,1.0431437935665144e-09,0.0,0.0,0.265
1785544474400785400,0,-0.0002,1.0431437935665144e-09,0.0,0.0,0.265
1785544474421224100,0,-0.0002,1.0431437935665144e-09,0.0,0.0,0.265
1785544474441546500,0,-0.0002,1.0431437935665144e-09,0.0,0.0,0.265
1785544474460594900,0,-0.0002,1.0431437935665144e-09,0.0,0.0,0.265
1785544474481146400,0,-0.0002,1.0431437935665144e-09,0.0,0.0,0.265
1785544474501017600,0,-0.0002,1.0431437935665144e-09,0.0,0.0,0.265
1785544474521571000,0,-0.0002,1.0431437935665144e-09,0.0,0.0,0.265
1785544474541987500,0,-0.0002,1.0431437935665144e-09,0.0,0.0,0.265
1785544474561552100,0,-0.0002,1.0431437935665144e-09,0.0,0.0,0.265
1785544474581679600,0,-0.0002,1.0431437935665144e-09,0.0,0.0,0.265
1785544474600832900,0,-0.0002,1.0431437935665144e-09,0.0,0.0,0.265
1785544474621362000,0,-0.0002,1.0431437935665144e-09,0.0,0.0,0.265
1785544474641177300,0,-0.0002,1.0431437935665144e-09,0.0,0.0,0.265
1785544474661261900,0,-0.0002,1.0431437935665144e-09,0.0,0.0,0.265
1785544474680562400,0,-0.0002,1.0431437935665144e-09,0.0,0.0,0.265
1785544474701135000,0,-0.0002,1.0431437935665144e-09,0.0,0.0,0.265
1785544474721260200,0,-0.0002,1.0431437935665144e-09,0.0,0.0,0.265
1785544474741659200,0,-0.0002,1.0431437935665144e-09,0.0,0.0,0.265
1785544474761494600,0,-0.0002,1.0431437935665144e-09,0.0,0.0,0.265
1785544474781268200,0,-0.0002,1.0431437935665144e-09,0.0,0.0,0.265
1785544474801101500,0,-0.0002,1.0431437935665144e-09,0.0,0.0,0.265
1785544474820603700,0,-0.0002,1.0431437935665144e-09,0.0,0.0,0.265
1785544474841427300,0,-0.0002,1.0431437935665144e-09,0.0,0.0,0.265
1785544474861168100,0,-0.0002,1.0431437935665144e-09,0.0,0.0,0.265
1785544474880557100,0,-0.0002,1.0431437935665144e-09,0.0,0.0,0.265
1785544474901413300,0,-0.0002,1.0431437935665144e-09,0.0,0.0,0.265
1785544474921239700,0,-0.0002,1.0431437935665144e-09,0.0,0.0,0.265
1785544474940641300,0,-0.0002,1.0431437935665144e-09,0.0,0.0,0.265
1785544474961264900,0,-0.0002,1.0431437935665144e-09,0.0,0.0,0.265
1785544474981146600,0,-0.0002,1.0431437935665144e-09,0.0,0.0,0.265
1785544475001419300,0,-0.0002,1.0431437935665144e-09,0.0,0.0,0.265
1785544475021545900,0,-0.0002,1.0431437935665144e-09,0.0,0.0,0.265
1785544475041264900,0,-0.0002,1.0431437935665144e-09,0.0,0.0,0.265
1785544475061904400,0,-0.0002,1.0431437935665144e-09,0.0,0.0,0.265
1785544475080611700,0,-0.0002,1.0431437935665144e-09,0.0,0.0,0.265
1785544475101527500,0,-0.0002,1.0431437935665144e-09,0.0,0.0,0.265
1785544475121530400,0,-0.0002,1.0431437935665144e-09,0.0,0.0,0.265
1785544475141257400,0,-0.0002,1.0431437935665144e-09,0.0,0.0,0.265
1785544475161565300,0,-0.0002,1.0431437935665144e-09,0.0,0.0,0.265
1785544475181437300,0,-0.0002,1.0431437935665144e-09,0.0,0.0,0.265
1785544475201300900,0,-0.0002,1.0431437935665144e-09,0.0,0.0,0.265
1785544475221191500,0,-0.0002,1.0431437935665144e-09,0.0,0.0,0.265
1785544475241327600,0,-0.0002,1.0431437935665144e-09,0.0,0.0,0.265
1785544475261579200,0,-0.0002,1.0431437935665144e-09,0.0,0.0,0.265
1785544475281323100,0,-0.0002,1.0431437935665144e-09,0.0,0.0,0.265
1785544475301444100,0,-0.0002,1.0431437935665144e-09,0.0,0.0,0.265
1785544475321171900,0,-0.0002,1.0431437935665144e-09,0.0,0.0,0.265
1785544475341403000,0,-0.0002,1.0431437935665144e-09,0.0,0.0,0.265
1785544475361256900,0,-0.0002,1.0431437935665144e-09,0.0,0.0,0.265
1785544475381438000,0,-0.0002,1.0431437935665144e-09,0.0,0.0,0.265
1785544475401298400,0,-0.0002,1.0431437935665144e-09,0.0,0.0,0.265
1785544475421411300,0,-0.0002,1.0431437935665144e-09,0.0,0.0,0.265
1785544475441840500,0,-0.0002,1.0431437935665144e-09,0.0,0.0,0.265
1785544475461571000,0,-0.0002,1.0431437935665144e-09,0.0,0.0,0.265
1785544475481508500,0,-0.0002,1.0431437935665144e-09,0.0,0.0,0.265
1785544475501520600,0,-0.0002,1.0431437935665144e-09,0.0,0.0,0.265
1785544475521262500,0,-0.0002,1.0431437935665144e-09,0.0,0.0,0.265
1785544475540613600,0,-0.0002,1.0431437935665144e-09,0.0,0.0,0.265
1785544475561311600,0,-0.0002,1.0431437935665144e-09,0.0,0.0,0.265
1785544475580592600,0,-0.0002,1.0431437935665144e-09,0.0,0.0,0.265
1785544475601313000,0,-0.0002,1.0431437935665144e-09,0.0,0.0,0.265
1785544475621258900,0,-0.0002,1.0431437935665144e-09,0.0,0.0,0.265
1785544475640676900,0,-0.0002,1.0431437935665144e-09,0.0,0.0,0.265
1785544475661414100,0,-0.0002,1.0431437935665144e-09,0.0,0.0,0.265
1785544475681041900,0,-0.0002,1.0431437935665144e-09,0.0,0.0,0.265
1785544475700595100,0,-0.0002,1.0431437935665144e-09,0.0,0.0,0.265
1785544475721262500,0,-0.0002,1.0431437935665144e-09,0.0,0.0,0.265
1785544475741544500,0,-0.0002,1.0431437935665144e-09,0.0,0.0,0.265
1785544475761232500,0,-0.0002,1.0431437935665144e-09,0.0,0.0,0.265
1785544475780607200,0,-0.0002,1.0431437935665144e-09,0.0,0.0,0.265
1785544475801243800,0,-0.0002,1.0431437935665144e-09,0.0,0.0,0.265
1785544475821273700,0,-0.0002,1.0431437935665144e-09,0.0,0.0,0.265
1785544475841327600,0,-0.0002,1.0431437935665144e-09,0.0,0.0,0.265
1785544475860680200,0,-0.0002,1.0431437935665144e-09,0.0,0.0,0.265
1785544475881578100,0,-0.0002,1.0431437935665144e-09,0.0,0.0,0.265
1785544475901503500,0,-0.0002,1.0431437935665144e-09,0.0,0.0,0.265
1785544475921357800,0,-0.0002,1.0431437935665144e-09,0.0,0.0,0.265
1785544475941296900,0,-0.0002,1.0431437935665144e-09,0.0,0.0,0.265
1785544475960826600,0,-0.0002,1.0431437935665144e-09,0.0,0.0,0.265
1785544475981299300,0,-0.0002,1.0431437935665144e-09,0.0,0.0,0.265
1785544476001530000,0,-0.0002,1.0431437935665144e-09,0.0,0.0,0.265
1785544476020738300,0,-0.0002,1.0431437935665144e-09,0.0,0.0,0.265
1785544476040854400,0,-0.0002,1.0431437935665144e-09,0.0,0.0,0.265
1785544476061136400,0,-0.0002,1.0431437935665144e-09,0.0,0.0,0.265
1785544476081656400,0,-0.0002,1.0431437935665144e-09,0.0,0.0,0.265
1785544476100831600,0,-0.0002,1.0431437935665144e-09,0.0,0.0,0.265
1785544476120748500,0,-0.0002,1.0431437935665144e-09,0.0,0.0,0.265
1785544476140667900,0,-0.0002,1.0431437935665144e-09,0.0,0.0,0.265
1785544476160955100,0,-0.0002,1.0431437935665144e-09,0.0,0.0,0.265
1785544476181084300,0,-0.0002,1.0431437935665144e-09,0.0,0.0,0.265
1785544476201315500,0,-0.0002,1.0431437935665144e-09,0.0,0.0,0.265
1785544476220605000,0,-0.0002,1.0431437935665144e-09,0.0,0.0,0.265
1785544476241402000,0,-0.0002,1.0431437935665144e-09,0.0,0.0,0.265
1785544476260965500,0,-0.0002,1.0431437935665144e-09,0.0,0.0,0.265
1785544476280769500,0,-0.0002,1.0431437935665144e-09,0.0,0.0,0.265
1785544476300823500,0,-0.0002,1.0431437935665144e-09,0.0,0.0,0.265
1785544476320930100,0,-0.0002,1.0431437935665144e-09,0.0,0.0,0.265
1785544476340602100,0,-0.0002,1.0431437935665144e-09,0.0,0.0,0.265
1785544476360796100,0,-0.0002,1.0431437935665144e-09,0.0,0.0,0.265
1785544476381452500,0,-0.0002,1.0431437935665144e-09,0.0,0.0,0.265
1785544476401466000,0,-0.0002,1.0431437935665144e-09,0.0,0.0,0.265
1785544476420743800,0,-0.0002,1.0431437935665144e-09,0.0,0.0,0.265
1785544476441354700,0,-0.0002,1.0431437935665144e-09,0.0,0.0,0.265
1785544476460831600,0,-0.0002,1.0431437935665144e-09,0.0,0.0,0.265
1785544476481690500,0,-0.0002,1.0431437935665144e-09,0.0,0.0,0.265
1785544476500779800,0,-0.0002,1.0431437935665144e-09,0.0,0.0,0.265
1785544476520865300,0,-0.0002,1.0431437935665144e-09,0.0,0.482195999880787,0.265
1785544476541295900,0,-0.0002,1.0431437935665144e-09,0.0,0.9555383999249898,0.265
1785544476561072000,0,0.0092,1.0431437935665144e-09,0.0,1.4349719999008812,0.265
1785544476581711400,0,0.0210,-8.88178366760566e-16,-2.3841855636419496e-06,1.924288799869828,0.2650000000000471
1785544476601830500,0,0.0436,-0.0,-2.3841855636419496e-06,2.0,0.2650000000000471
1785544476621498500,0,0.0821,3.322877617506492e-08,-2.3841855636419496e-06,2.0,0.2650000000000471
1785544476640645300,0,0.1458,1.33274554059426e-07,-2.3841855636419496e-06,2.0,0.26500000000004725
1785544476661029800,0,0.1783,2.3591253750510077e-07,-2.3841855636419496e-06,2.0,0.26500000000004753
1785544476680628800,0,0.2129,2.6522013740759576e-07,-2.3841855636419496e-06,2.0,0.2650000000000477
1785544476701380700,0,0.2401,2.984783407100622e-07,0.0,2.0,0.2650000000000008
1785544476721104300,0,0.2640,3.248943301059626e-07,0.0,2.0,0.2650000000000009
1785544476741497500,0,0.2925,3.232296421629144e-07,0.0,2.0,0.2650000000000009
1785544476760767900,0,0.3268,3.1452333359993645e-07,0.0,2.0,0.26500000000000085
1785544476780925100,0,0.3814,3.261187657699338e-07,0.0,2.0,0.2650000000000009
1785544476801339800,0,0.4115,3.336804468290211e-07,0.0,2.0,0.26500000000000096
1785544476820684700,0,0.4461,3.3995814874288044e-07,0.0,2.0,0.265000000000001
1785544476840750600,0,0.4748,3.405550614843378e-07,0.0,2.0,0.265000000000001
1785544476860837400,0,0.5295,3.350745316765824e-07,0.0,2.0,0.26500000000000096
1785544476881395900,0,0.5640,3.377948871730041e-07,0.0,2.0,0.26500000000000096
1785544476901212600,0,0.5930,3.473949163890211e-07,0.0,2.0,0.265000000000001
1785544476920560800,0,0.6179,3.6025383565174707e-07,0.0,2.0,0.2650000000000011
1785544476940847800,0,0.6475,3.661730261228513e-07,0.0,2.0,0.2650000000000011
1785544476961459300,0,0.6823,3.659859544313804e-07,0.0,2.0,0.2650000000000011
1785544476981025400,0,0.7361,3.6444302509153204e-07,0.0,2.0,0.2650000000000011
1785544477001471200,0,0.7655,3.5765387451647257e-07,0.0,2.0,0.26500000000000107
1785544477020986200,0,0.8002,3.4709563578871894e-07,0.0,2.0,0.265000000000001
1785544477041126700,0,0.8539,3.4470210152903746e-07,0.0,2.0,0.265000000000001
1785544477060866100,0,0.8541,3.491867630600609e-07,0.0,2.0,0.265000000000001
1785544477080930500,0,0.9183,3.286333480900794e-07,0.0,2.0,0.2650000000000009
1785544477100623400,0,0.9487,3.230517791052989e-07,0.0,2.0,0.2650000000000009
1785544477120711700,0,0.9725,3.1662952437727654e-07,0.0,2.0,0.26500000000000085
1785544477140775300,0,1.0019,3.129139258817304e-07,0.0,1.5180440000258386,0.26500000000000085
1785544477160627400,0,1.0370,3.160685935199581e-07,0.0,1.0412720000604168,0.26500000000000085
1785544477180698900,0,1.0839,3.1685200951869774e-07,0.0,0.5603192000417039,0.26500000000000085
1785544477201399900,0,1.0999,3.071917262786883e-07,0.0,0.07880000007571653,0.26500000000000085
1785544477220722800,0,1.1051,2.9515442179217644e-07,0.0,0.0,0.2650000000000008
1785544477240834800,0,1.1036,2.610876776998339e-07,0.0,0.0,0.2650000000000006
1785544477260962800,0,1.0950,2.4399611220360384e-07,0.0,0.0,0.26500000000000057
1785544477280856700,0,1.0922,2.2679897426769458e-07,0.0,0.0,0.2650000000000004
1785544477300950200,0,1.0919,2.052436798294366e-07,0.0,0.0,0.26500000000000035
1785544477320801900,0,1.0927,1.8728528061728866e-07,0.0,0.0,0.2650000000000003
1785544477341596900,0,1.0940,1.6962577831236558e-07,0.0,0.0,0.26500000000000024
1785544477360831900,0,1.0954,1.4136222148408706e-07,0.0,0.0,0.2650000000000002
1785544477381141900,0,1.0953,1.2901074342153152e-07,0.0,0.0,0.2650000000000002
1785544477400950400,0,1.0950,1.1297944269017535e-07,0.0,0.0,0.2650000000000001
1785544477421026900,0,1.0946,9.738736395092928e-08,0.0,0.0,0.2650000000000001
1785544477440935300,0,1.0945,7.700488424688956e-08,0.0,0.0,0.26500000000000007
1785544477461677700,0,1.0945,7.700488424688956e-08,0.0,0.0,0.26500000000000007
1785544477481152100,0,1.0947,5.500704247651811e-08,0.0,0.0,0.26500000000000007
1785544477501142000,0,1.0947,4.683354148937724e-08,0.0,0.0,0.26500000000000007
1785544477521476500,0,1.0947,3.895202382864227e-08,0.0,0.0,0.265
1785544477541633700,0,1.0947,3.3862502135662e-08,0.0,0.0,0.265
1785544477560655900,0,1.0947,1.490559142780512e-08,0.0,0.0,0.265
1785544477581352900,0,1.0947,1.2965526430264163e-08,0.0,0.0,0.265
1785544477600878600,0,1.0947,1.4137268244951429e-08,0.0,0.0,0.265
1785544477621012100,0,1.0947,1.4137268244951429e-08,0.0,0.0,0.265
1785544477640872600,0,1.0947,4.883388360354957e-09,0.0,0.0,0.265
1785544477661041800,0,1.0947,1.2215366496093338e-09,0.0,0.0,0.265
1785544477681171000,0,1.0947,1.2215366496093338e-09,0.0,0.0,0.265
1785544477700858500,0,1.0947,1.2215366496093338e-09,0.0,0.0,0.265
1785544477720490800,0,1.0947,-0.0,0.0,0.0,0.265
1785544477740912500,0,1.0947,-0.0,0.0,0.0,0.265
1785544477761407100,0,1.0947,4.6826742483574435e-09,0.0,0.0,0.265
1785544477781117600,0,1.0947,4.6826742483574435e-09,0.0,0.0,0.265
1785544477800913800,0,1.0947,4.6826742483574435e-09,0.0,0.0,0.265
1785544477821244800,0,1.0947,4.6826742483574435e-09,0.0,0.0,0.265
1785544477841227200,0,1.0947,4.6826742483574435e-09,0.0,0.0,0.265
1785544477861379300,0,1.0947,4.6826742483574435e-09,0.0,0.0,0.265
1785544477881184000,0,1.0947,4.6826742483574435e-09,0.0,0.0,0.265
1785544477901479000,0,1.0947,4.6826742483574435e-09,0.0,0.0,0.265
1785544477920692200,0,1.0947,4.6826742483574435e-09,0.0,0.0,0.265
1785544477940910200,0,1.0947,4.6826742483574435e-09,0.0,0.0,0.265
1785544477961227100,0,1.0947,4.6826742483574435e-09,0.0,0.0,0.265
1785544477980982600,0,1.0947,4.6826742483574435e-09,0.0,0.0,0.265
1785544478001158500,0,1.0947,4.6826742483574435e-09,0.0,0.0,0.265
1785544478020848600,0,1.0947,4.6826742483574435e-09,0.0,0.0,0.265
1785544478041630900,0,1.0947,4.6826742483574435e-09,0.0,0.0,0.265
1785544478060966900,0,1.0947,4.6826742483574435e-09,0.0,0.0,0.265
1785544478081107000,0,1.0947,4.6826742483574435e-09,0.0,0.0,0.265
1785544478100887800,0,1.0947,4.6826742483574435e-09,0.0,0.0,0.265
1785544478120760200,0,1.0947,4.6826742483574435e-09,0.0,0.0,0.265
1785544478140991000,0,1.0947,4.6826742483574435e-09,0.0,0.0,0.265
1785544478161501200,0,1.0947,4.6826742483574435e-09,0.0,0.0,0.265
1785544478180752900,0,1.0947,4.6826742483574435e-09,0.0,0.0,0.265
1785544478201629800,0,1.0947,4.6826742483574435e-09,0.0,0.0,0.265
1785544478220977900,0,1.0947,4.6826742483574435e-09,0.0,0.0,0.265
1785544478241474500,0,1.0947,4.6826742483574435e-09,0.0,0.0,0.265
1785544478261070300,0,1.0947,4.6826742483574435e-09,0.0,0.0,0.265
1785544478280877800,0,1.0947,4.6826742483574435e-09,0.0,0.0,0.265
1785544478301084400,0,1.0947,4.6826742483574435e-09,0.0,0.0,0.265
1785544478320510600,0,1.0947,4.6826742483574435e-09,0.0,0.0,0.265
1785544478340975400,0,1.0947,4.6826742483574435e-09,0.0,0.0,0.265
1785544478361067800,0,1.0947,4.6826742483574435e-09,0.0,0.0,0.265
1785544478381431300,0,1.0947,4.6826742483574435e-09,0.0,0.0,0.265
1785544478401233300,0,1.0947,4.6826742483574435e-09,0.0,0.0,0.265
1785544478420901100,0,1.0947,4.6826742483574435e-09,0.0,0.0,0.265
1785544478441022800,0,1.0947,4.6826742483574435e-09,0.0,0.0,0.265
1785544478461750700,0,1.0947,4.6826742483574435e-09,0.0,0.0,0.265
1785544478481392400,0,1.0947,4.6826742483574435e-09,0.0,0.0,0.265
1785544478500986500,0,1.0947,4.6826742483574435e-09,0.0,0.0,0.265
1785544478521123300,0,1.0947,4.6826742483574435e-09,0.0,0.0,0.265
1785544478540888800,0,1.0947,4.6826742483574435e-09,0.0,0.0,0.265
1785544478561821600,0,1.0947,4.6826742483574435e-09,0.0,0.0,0.265
1785544478581178400,0,1.0947,4.6826742483574435e-09,0.0,0.0,0.265
1785544478601216400,0,1.0947,4.6826742483574435e-09,0.0,0.0,0.265
1785544478620780400,0,1.0947,4.6826742483574435e-09,0.0,-0.48194400005741045,0.265
1785544478640657200,0,1.0947,4.6826742483574435e-09,0.0,-0.9589343999396078,0.265
1785544478660684800,0,1.0869,-0.0,0.0,-1.4394168000435457,0.265
1785544478680927000,0,1.0680,-0.0,0.0,-1.9255583999329247,0.265
1785544478701242300,0,1.0426,-0.0,0.0,-2.0,0.265
1785544478720866300,0,1.0178,-0.0,0.0,-2.0,0.265
1785544478741032000,0,0.9830,-0.0,0.0,-2.0,0.265
1785544478760942500,0,0.9116,-0.0,0.0,-2.0,0.265
1785544478780992700,0,0.8860,-0.0,0.0,-2.0,0.265
1785544478800826100,0,0.8575,-0.0,0.0,-2.0,0.265
1785544478820645900,0,0.8243,-0.0,0.0,-2.0,0.265
1785544478840949900,0,0.7969,-0.0,0.0,-2.0,0.265
1785544478861173700,0,0.7423,-0.0,0.0,-2.0,0.265
1785544478880943000,0,0.7070,-0.0,0.0,-2.0,0.265
1785544478901415100,0,0.6782,-0.0,0.0,-2.0,0.265
1785544478920630900,0,0.6529,-0.0,0.0,-2.0,0.265
1785544478940677000,0,0.6234,-0.0,0.0,-2.0,0.265
1785544478961326500,0,0.5889,-0.0,0.0,-2.0,0.265
1785544478981016000,0,0.5351,-0.0,0.0,-2.0,0.265
1785544479000556200,0,0.5054,-0.0,0.0,-2.0,0.265
1785544479021131900,0,0.4706,-0.0,0.0,-2.0,0.265
1785544479041132100,0,0.4420,-0.0,0.0,-2.0,0.265
1785544479060528500,0,0.3873,-0.0,0.0,-2.0,0.265
1785544479081146800,0,0.3522,-0.0,0.0,-2.0,0.265
1785544479101167400,0,0.3234,-0.0,0.0,-2.0,0.265
1785544479121193800,0,0.2982,-0.0,0.0,-2.0,0.265
1785544479141291500,0,0.2691,-0.0,0.0,-2.0,0.265
1785544479160609200,0,0.2340,-0.0,0.0,-2.0,0.265
1785544479180535000,0,0.1805,-0.0,0.0,-2.0,0.265
1785544479201110700,0,0.1510,-0.0,0.0,-2.0,0.265
1785544479221505400,0,0.1163,-0.0,0.0,-2.0,0.265
1785544479241197400,0,0.0626,-0.0,0.0,-2.0,0.265
1785544479261484400,0,0.0329,-0.0,0.0,-2.0,0.265
1785544479281313500,0,-0.0018,-0.0,0.0,-2.0,0.265
1785544479300540700,0,-0.0304,-0.0,0.0,-2.0,0.265
1785544479321177000,0,-0.0555,-0.0,0.0,-2.0,0.265
1785544479341220600,0,-0.0853,-0.0,0.0,-2.0,0.265
1785544479361171300,0,-0.1195,-0.0,0.0,-2.0,0.265
1785544479381472400,0,-0.1736,-0.0,0.0,-2.0,0.265
1785544479401447900,0,-0.2032,-0.0,0.0,-2.0,0.265
1785544479421084400,0,-0.2378,-0.0,0.0,-2.0,0.265
1785544479441843200,0,-0.2917,-0.0,0.0,-2.0,0.265
1785544479461377700,0,-0.3215,-0.0,0.0,-2.0,0.265
1785544479481173900,0,-0.3560,-0.0,0.0,-2.0,0.265
1785544479501384200,0,-0.3851,-0.0,0.0,-2.0,0.265
1785544479521070000,0,-0.4098,-0.0,0.0,-2.0,0.265
1785544479541432900,0,-0.4395,-0.0,0.0,-2.0,0.265
1785544479561447600,0,-0.5027,-0.0,0.0,-2.0,0.265
1785544479581522300,0,-0.5281,-0.0,0.0,-2.0,0.265
1785544479600631100,0,-0.5574,-0.0,0.0,-2.0,0.265
1785544479621148300,0,-0.5923,-0.0,0.0,-2.0,0.265
1785544479640527300,0,-0.6462,-0.0,0.0,-2.0,0.265
1785544479660563600,0,-0.6462,-0.0,0.0,-2.0,0.265
1785544479681376600,0,-0.7107,-0.0,0.0,-2.0,0.265
1785544479701299900,0,-0.7392,-0.0,4.7683712978141557e-07,-1.5219896000344306,0.2650000000000019
1785544479720572400,0,-0.7642,-0.0,4.7683712978141557e-07,-1.046784799953457,0.2650000000000019
1785544479741213500,0,-0.8171,-0.0,4.7683712978141557e-07,-0.563434400013648,0.2650000000000019
1785544479761411600,0,-0.8311,-0.0,4.7683712978141557e-07,-0.07904240000061691,0.2650000000000019
1785544479781411300,0,-0.8371,-0.0,4.7683712978141557e-07,0.0,0.2650000000000019
1785544479800494400,0,-0.8364,-0.0,0.0,0.0,0.265
1785544479821378400,0,-0.8312,-0.0,0.0,0.0,0.265
1785544479841469800,0,-0.8247,-0.0,0.0,0.0,0.265
1785544479860540800,0,-0.8239,-0.0,0.0,0.0,0.265
1785544479881206600,0,-0.8239,-0.0,0.0,0.0,0.265
1785544479901164700,0,-0.8264,-0.0,0.0,0.0,0.265
1785544479921515600,0,-0.8272,-0.0,0.0,0.0,0.265
1785544479941144600,0,-0.8276,-0.0,0.0,0.0,0.265
1785544479961168200,0,-0.8270,-0.0,0.0,0.0,0.265
1785544479981147500,0,-0.8268,-0.0,0.0,0.0,0.265
1785544480001422700,0,-0.8266,-0.0,0.0,0.0,0.265
1785544480021435700,0,-0.8266,-0.0,0.0,0.0,0.265
1785544480040565400,0,-0.8267,-0.0,0.0,0.0,0.265
1785544480061372500,0,-0.8268,-0.0,0.0,0.0,0.265
1785544480080538400,0,-0.8268,-0.0,0.0,0.0,0.265
1785544480101475400,0,-0.8268,-0.0,0.0,0.0,0.265
1785544480121139300,0,-0.8268,-0.0,0.0,0.0,0.265
1785544480141396300,0,-0.8268,-0.0,0.0,0.0,0.265
1785544480161464900,0,-0.8268,-0.0,0.0,0.0,0.265
1785544480180987300,0,-0.8268,-0.0,0.0,0.0,0.265
1785544480201454600,0,-0.8268,-0.0,0.0,0.0,0.265
1785544480221234800,0,-0.8268,-0.0,0.0,0.0,0.265
1785544480241182400,0,-0.8268,-0.0,0.0,0.0,0.265
1785544480261512800,0,-0.8268,-0.0,0.0,0.0,0.265
1785544480281513400,0,-0.8268,-0.0,0.0,0.0,0.265
1785544480301524400,0,-0.8268,-0.0,0.0,0.0,0.265
1785544480321376100,0,-0.8268,-0.0,0.0,0.0,0.265
1785544480341401800,0,-0.8268,-0.0,0.0,0.0,0.265
1785544480361135300,0,-0.8268,-0.0,0.0,0.0,0.265
1785544480381225200,0,-0.8268,-0.0,0.0,0.0,0.265
1785544480401221000,0,-0.8268,-0.0,0.0,0.0,0.265
1785544480421309000,0,-0.8268,-0.0,0.0,0.0,0.265
1785544480441607500,0,-0.8268,-0.0,0.0,0.0,0.265
1785544480461478400,0,-0.8268,-0.0,0.0,0.0,0.265
1785544480481391800,0,-0.8268,-0.0,0.0,0.0,0.265
1785544480501382600,0,-0.8268,-0.0,0.0,0.0,0.265
1785544480521425500,0,-0.8268,-0.0,0.0,0.0,0.265
1785544480541341500,0,-0.8268,-0.0,0.0,0.0,0.265
1785544480561705700,0,-0.8268,-0.0,0.0,0.0,0.265
1785544480581268200,0,-0.8268,-0.0,0.0,0.0,0.265
1785544480601117500,0,-0.8268,-0.0,0.0,0.0,0.265
1785544480620548500,0,-0.8268,-0.0,0.0,0.0,0.265
1785544480640518300,0,-0.8268,-0.0,0.0,0.0,0.265
1785544480661426800,0,-0.8268,-0.0,0.0,0.0,0.265
1785544480681050500,0,-0.8268,-0.0,0.0,0.0,0.265
1785544480701526900,0,-0.8268,-0.0,0.0,0.0,0.265
1785544480721427400,0,-0.8268,-0.0,0.0,0.0,0.265
1785544480741192400,0,-0.8268,-0.0,0.0,0.0,0.265
1785544480761318000,0,-0.8268,-0.0,0.0,0.0,0.265
1785544480781208900,0,-0.8268,-0.0,0.0,0.0,0.265
1785544480801319900,0,-0.8268,-0.0,0.0,0.0,0.265
1785544480821395900,0,-0.8268,-0.0,0.0,0.0,0.265
1785544480841818300,0,-0.8268,-0.0,0.0,0.0,0.265
1785544480861353900,0,-0.8268,-0.0,0.0,0.0,0.265
1785544480880484000,0,-0.8268,-0.0,0.0,0.0,0.265
1785544480901189000,0,-0.8268,-0.0,0.0,0.0,0.265
1785544480920533400,0,-0.8268,-0.0,0.0,0.0,0.265
1785544480941136300,0,-0.8268,-0.0,0.0,0.0,0.265
1785544480961719200,0,-0.8268,-0.0,0.0,0.0,0.265
1785544480981613800,0,-0.8268,-0.0,0.0,0.0,0.265
1785544481000604600,0,-0.8268,-0.0,0.0,0.0,0.265
1785544481020490300,0,-0.8268,-0.0,0.0,0.0,0.265
1785544481041359200,0,-0.8268,-0.0,0.0,0.0,0.265
1785544481061379300,0,-0.8268,-0.0,0.0,0.0,0.265
1785544481081024800,0,-0.8268,-0.0,0.0,0.0,0.265
1785544481101250700,0,-0.8268,-0.0,0.0,0.0,0.265
1785544481121441900,0,-0.8268,-0.0,0.0,0.0,0.265
1785544481141352700,0,-0.8268,-0.0,0.0,0.0,0.265
1785544481160974700,0,-0.8268,-0.0,0.0,0.0,0.265
1785544481181113300,0,-0.8268,-0.0,0.0,0.0,0.265
1785544481201455400,0,-0.8268,-0.0,0.0,0.0,0.265
1785544481221151800,0,-0.8268,-0.0,0.0,0.0,0.265
1785544481241468400,0,-0.8268,-0.0,0.0,0.0,0.265
1785544481261062500,0,-0.8268,-0.0,0.0,0.0,0.265
1785544481281039100,0,-0.8268,-0.0,0.0,0.0,0.265
1785544481301372000,0,-0.8268,-0.0,0.0,0.0,0.265
1785544481321418500,0,-0.8268,-0.0,0.0,0.0,0.265
1785544481341260500,0,-0.8268,-0.0,0.0,0.0,0.265
1785544481361554000,0,-0.8268,-0.0,0.0,0.0,0.265
1785544481381178000,0,-0.8268,-0.0,0.0,0.0,0.265
1785544481401497800,0,-0.8268,-0.0,0.0,0.0,0.265
1785544481421443800,0,-0.8268,-0.0,0.0,0.0,0.265
1785544481441202300,0,-0.8268,-0.0,0.0,0.0,0.265
1785544481461389000,0,-0.8268,-0.0,0.0,0.0,0.265
1785544481481173000,0,-0.8268,-0.0,0.0,0.0,0.265
1785544481501285000,0,-0.8268,-0.0,0.0,0.0,0.265
1785544481521391100,0,-0.8268,-0.0,0.0,0.0,0.265
1785544481541089400,0,-0.8268,-0.0,0.0,0.0,0.265
1785544481561419200,0,-0.8268,-0.0,0.0,0.0,0.265
1785544481581143500,0,-0.8268,-0.0,0.0,0.0,0.265
1785544481600497400,0,-0.8268,-0.0,0.0,0.0,0.265
1785544481621207200,0,-0.8268,-0.0,0.0,0.0,0.265
1785544481641326300,0,-0.8268,-0.0,0.0,0.0,0.265
1785544481660466300,0,-0.8268,-0.0,0.0,0.0,0.265
1785544481681447400,0,-0.8268,-0.0,0.0,0.0,0.265
1785544481701213400,0,-0.8268,-0.0,0.0,0.0,0.265
1785544481721419700,0,-0.8268,-0.0,0.0,0.0,0.265
1785544481741327100,0,-0.8268,-0.0,0.0,0.0,0.265
1785544481761189200,0,-0.8268,-0.0,0.0,0.0,0.265
1785544481780981200,0,-0.8268,-0.0,0.0,0.0,0.265
1785544481801452400,0,-0.8268,-0.0,0.0,0.0,0.265
1785544481821476800,0,-0.8268,-0.0,0.0,0.0,0.265
1785544481841429000,0,-0.8268,-0.0,0.0,0.0,0.265
1785544481860623900,0,-0.8268,-0.0,0.0,0.0,0.265
1785544481881360800,0,-0.8268,-0.0,0.0,0.0,0.265
1785544481900464800,0,-0.8268,-0.0,0.0,0.0,0.265
1785544481921468600,0,-0.8268,-0.0,0.0,0.0,0.265
1785544481941221200,0,-0.8268,-0.0,0.0,0.0,0.265
1785544481960954800,0,-0.8268,-0.0,0.0,0.0,0.265
1785544481981604500,0,-0.8268,-0.0,0.0,0.0,0.265
1785544482000533500,0,-0.8268,-0.0,0.0,0.0,0.265
1785544482021264500,0,-0.8268,-0.0,0.0,0.0,0.265
1785544482041242100,0,-0.8268,-0.0,0.0,0.0,0.265
1785544482061295900,0,-0.8268,-0.0,0.0,0.0,0.265
1785544482080516900,0,-0.8268,-0.0,0.0,0.0,0.265
1785544482100493200,0,-0.8268,-0.0,0.0,0.0,0.265
1785544482120541600,0,-0.8268,-0.0,0.0,0.0,0.265
1785544482141343300,0,-0.8268,-0.0,0.0,0.0,0.265
1785544482161262500,0,-0.8268,-0.0,0.0,0.0,0.265
1785544482180562900,0,-0.8268,-0.0,0.0,0.0,0.265
1785544482201172600,0,-0.8268,-0.0,0.0,0.0,0.265
1785544482221414100,0,-0.8268,-0.0,0.0,0.0,0.265
1785544482241090300,0,-0.8268,-0.0,0.0,0.0,0.265
1785544482261413400,0,-0.8268,-0.0,0.0,0.0,0.265
1785544482281554100,0,-0.8268,-0.0,0.0,0.0,0.265
1785544482300425400,0,-0.8268,-0.0,0.0,0.0,0.265
1785544482320529300,0,-0.8268,-0.0,0.0,0.0,0.265
1785544482341403700,0,-0.8268,-0.0,0.0,0.0,0.265
1785544482361110700,0,-0.8268,-0.0,0.0,0.0,0.265
1785544482381022600,0,-0.8268,-0.0,0.0,0.0,0.265
1785544482401056000,0,-0.8268,-0.0,0.0,0.0,0.265
1785544482421106800,0,-0.8268,-0.0,0.0,0.0,0.265
1785544482440472500,0,-0.8268,-0.0,0.0,0.0,0.265
1785544482461261300,0,-0.8268,-0.0,0.0,0.0,0.265
1785544482481327400,0,-0.8268,-0.0,0.0,0.0,0.265
1785544482501410200,0,-0.8268,-0.0,0.0,0.0,0.265
1785544482521265500,0,-0.8268,-0.0,0.0,0.0,0.265
1785544482541138300,0,-0.8268,-0.0,0.0,0.0,0.265
1785544482560527200,0,-0.8268,-0.0,0.0,0.0,0.265
1785544482580461000,0,-0.8268,-0.0,0.0,0.0,0.265
1785544482601147600,0,-0.8268,-0.0,0.0,0.0,0.265
1785544482620930800,0,-0.8268,-0.0,0.0,0.0,0.265
1785544482640480500,0,-0.8268,-0.0,0.0,0.0,0.265
1785544482661303500,0,-0.8268,-0.0,0.0,0.0,0.265
1785544482680512600,0,-0.8268,-0.0,0.0,0.0,0.265
1785544482701051400,0,-0.8268,-0.0,0.0,0.0,0.265
1785544482721133400,0,-0.8268,-0.0,0.0,0.0,0.265
1785544482741129600,0,-0.8268,-0.0,0.0,0.0,0.265
1785544482761411800,0,-0.8268,-0.0,0.0,0.0,0.265
1785544482781136100,0,-0.8268,-0.0,0.0,0.0,0.265
1785544482801054600,0,-0.8268,-0.0,0.0,0.0,0.265
1785544482820420700,0,-0.8268,-0.0,0.0,0.0,0.265
1785544482841023500,0,-0.8268,-0.0,0.0,0.0,0.265
1785544482861426100,0,-0.8268,-0.0,0.0,0.0,0.265
1785544482881057500,0,-0.8268,-0.0,0.0,0.0,0.265
1785544482901262500,0,-0.8268,-0.0,0.0,0.0,0.265
1785544482920952500,0,-0.8268,-0.0,0.0,0.0,0.265
1785544482941081700,0,-0.8268,-0.0,0.0,0.0,0.265
1785544482961428600,0,-0.8268,-0.0,0.0,0.0,0.265
1785544482981045800,0,-0.8268,-0.0,0.0,0.0,0.265
1785544483001102700,0,-0.8268,-0.0,0.0,0.0,0.265
1785544483021227000,0,-0.8268,-0.0,0.0,0.0,0.265
1785544483041228700,0,-0.8268,-0.0,0.0,0.0,0.265
1785544483060933700,0,-0.8268,-0.0,0.0,0.0,0.265
1785544483081048800,0,-0.8268,-0.0,0.0,0.0,0.265
1785544483101072000,0,-0.8268,-0.0,0.0,0.0,0.265
1785544483121369900,0,-0.8268,-0.0,0.0,0.0,0.265
1785544483141233200,0,-0.8268,-0.0,0.0,0.0,0.265
1785544483161241300,0,-0.8268,-0.0,0.0,0.0,0.265
1785544483181296600,0,-0.8268,-0.0,0.0,0.0,0.265
1785544483201000600,0,-0.8268,-0.0,0.0,0.0,0.265
1785544483221244700,0,-0.8268,-0.0,0.0,0.0,0.265
1785544483240411800,0,-0.8268,-0.0,0.0,0.0,0.265
1785544483261226200,0,-0.8268,-0.0,0.0,0.0,0.265
1785544483281157000,0,-0.8268,-0.0,0.0,0.0,0.265
1785544483300487800,0,-0.8268,-0.0,0.0,0.0,0.265
1785544483320455600,0,-0.8268,-0.0,0.0,0.0,0.265
1785544483341211000,0,-0.8268,-0.0,0.0,0.0,0.265
1785544483361374700,0,-0.8268,-0.0,0.0,0.0,0.265
1785544483380466000,0,-0.8268,-0.0,0.0,0.0,0.265
1785544483401464600,0,-0.8268,-0.0,0.0,0.0,0.265
1785544483421041100,0,-0.8268,-0.0,0.0,0.0,0.265
1785544483441093100,0,-0.8268,-0.0,0.0,0.0,0.265
1785544483461315000,0,-0.8268,-0.0,0.0,0.0,0.265
1785544483481266000,0,-0.8268,-0.0,0.0,0.0,0.265
1785544483500442600,0,-0.8268,-0.0,0.0,0.0,0.265
1785544483521082400,0,-0.8268,-0.0,0.0,0.0,0.265
1785544483541130300,0,-0.8268,-0.0,0.0,0.0,0.265
1785544483561399300,0,-0.8268,-0.0,0.0,0.0,0.265
1785544483581208100,0,-0.8268,-0.0,0.0,0.0,0.265
1785544483600419000,0,-0.8268,-0.0,0.0,0.0,0.265
1785544483621152400,0,-0.8268,-0.0,0.0,0.0,0.265
1785544483640475400,0,-0.8268,-0.0,0.0,0.0,0.265
1785544483660410100,0,-0.8268,-0.0,0.0,0.0,0.265
1785544483680441900,0,-0.8268,-0.0,0.0,0.0,0.265
1785544483701345200,0,-0.8268,-0.0,0.0,0.0,0.265
1785544483721180900,0,-0.8268,-0.0,0.0,0.0,0.265
1785544483741070500,0,-0.8268,-0.0,0.0,0.0,0.265
1785544483761406500,0,-0.8268,-0.0,0.0,0.0,0.265
1785544483780490500,0,-0.8268,-0.0,0.0,0.0,0.265
1785544483801044400,0,-0.8268,-0.0,0.0,0.0,0.265
1785544483820517400,0,-0.8268,-0.0,0.0,0.0,0.265
1785544483841244500,0,-0.8268,-0.0,0.0,0.0,0.265
1785544483861281600,0,-0.8268,-0.0,0.0,0.0,0.265
1785544483881273900,0,-0.8268,-0.0,0.0,0.0,0.265
1785544483901217900,0,-0.8268,-0.0,0.0,0.0,0.265
1785544483921378300,0,-0.8268,-0.0,0.0,0.0,0.265
1785544483941279800,0,-0.8268,-0.0,0.0,0.0,0.265
1785544483960402800,0,-0.8268,-0.0,0.0,0.0,0.265
1785544483981254600,0,-0.8268,-0.0,0.0,0.0,0.265
1785544484001136400,0,-0.8268,-0.0,0.0,0.0,0.265
1785544484021389900,0,-0.8268,-0.0,0.0,0.0,0.265
1785544484040531900,0,-0.8268,-0.0,0.0,0.0,0.265
1785544484061241600,0,-0.8268,-0.0,0.0,0.0,0.265
1785544484080911800,0,-0.8268,-0.0,0.0,0.0,0.265
1785544484100464100,0,-0.8268,-0.0,0.0,0.0,0.265
1785544484121234200,0,-0.8268,-0.0,0.0,0.0,0.265
1785544484141095500,0,-0.8268,-0.0,0.0,0.0,0.265
1785544484160513300,0,-0.8268,-0.0,0.0,0.0,0.265
1785544484181242400,0,-0.8268,-0.0,0.0,0.0,0.265
1785544484201101400,0,-0.8268,-0.0,0.0,0.0,0.265
1785544484221059700,0,-0.8268,-0.0,0.0,0.0,0.265
1785544484241715800,0,-0.8268,-0.0,0.0,0.0,0.265
1785544484261281600,0,-0.8268,-0.0,0.0,0.0,0.265
1785544484280483200,0,-0.8268,-0.0,0.0,0.0,0.265
1785544484301286900,0,-0.8268,-0.0,0.0,0.0,0.265
1785544484320948400,0,-0.8268,-0.0,0.0,0.0,0.265
1785544484341237300,0,-0.8268,-0.0,0.0,0.0,0.265
1785544484361216800,0,-0.8268,-0.0,0.0,0.0,0.265
1785544484381254800,0,-0.8268,-0.0,0.0,0.0,0.265
1785544484401142700,0,-0.8268,-0.0,0.0,0.0,0.265
1785544484421383300,0,-0.8268,-0.0,0.0,0.0,0.265
1785544484440468500,0,-0.8268,-0.0,0.0,0.0,0.265
1785544484461270200,0,-0.8268,-0.0,0.0,0.0,0.265
1785544484481104800,0,-0.8268,-0.0,0.0,0.0,0.265
1785544484500399300,0,-0.8268,-0.0,0.0,0.0,0.265
1785544484521298400,0,-0.8268,-0.0,0.0,0.0,0.265
1785544484540461600,0,-0.8268,-0.0,0.0,0.0,0.265
1785544484561293700,0,-0.8268,-0.0,0.0,0.0,0.265
1785544484580916300,0,-0.8268,-0.0,0.0,0.0,0.265
1785544484601140600,0,-0.8268,-0.0,0.0,0.0,0.265
1785544484621129900,0,-0.8268,-0.0,0.0,0.0,0.265
1785544484641171700,0,-0.8268,-0.0,0.0,0.0,0.265
1785544484661013600,0,-0.8268,-0.0,0.0,0.0,0.265
1785544484681015200,0,-0.8268,-0.0,0.0,0.0,0.265
1785544484701309900,0,-0.8268,-0.0,0.0,0.0,0.265
1785544484721087400,0,-0.8268,-0.0,0.0,0.0,0.265
1785544484741031300,0,-0.8268,-0.0,0.0,0.0,0.265
1785544484761402600,0,-0.8268,-0.0,0.0,0.0,0.265
1785544484780930100,0,-0.8268,-0.0,0.0,0.0,0.265
1785544484801191700,0,-0.8268,-0.0,0.0,0.0,0.265
1785544484821042900,0,-0.8268,-0.0,0.0,0.0,0.265
1785544484841365300,0,-0.8268,-0.0,0.0,0.0,0.265
1785544484861520200,0,-0.8268,-0.0,0.0,0.0,0.265
1785544484881089800,0,-0.8268,-0.0,0.0,0.0,0.265
1785544484901102800,0,-0.8268,-0.0,0.0,0.0,0.265
1785544484920918400,0,-0.8268,-0.0,0.0,0.0,0.265
1785544484940477500,0,-0.8268,-0.0,0.0,0.0,0.265
1785544484961155000,0,-0.8268,-0.0,0.0,0.0,0.265
1785544484981295300,0,-0.8268,-0.0,0.0,0.0,0.265
1785544485001405500,0,-0.8268,-0.0,0.0,0.0,0.265
1785544485021423800,0,-0.8268,-0.0,0.0,0.0,0.265
1785544485041254500,0,-0.8268,-0.0,0.0,0.0,0.265
1785544485061217200,0,-0.8268,-0.0,0.0,0.0,0.265
1785544485080413000,0,-0.8268,-0.0,0.0,0.0,0.265
1785544485101103900,0,-0.8268,-0.0,0.0,0.0,0.265
1785544485121398400,0,-0.8268,-0.0,0.0,0.0,0.265
1785544485141148800,0,-0.8268,-0.0,0.0,0.0,0.265
1785544485161206700,0,-0.8268,-0.0,0.0,0.0,0.265
1785544485181128400,0,-0.8268,-0.0,0.0,0.0,0.265
1785544485200468600,0,-0.8268,-0.0,0.0,0.0,0.265
1785544485220458400,0,-0.8268,-0.0,0.0,0.0,0.265
1785544485241675600,0,-0.8268,-0.0,0.0,0.0,0.265
1785544485261387400,0,-0.8268,-0.0,0.0,0.0,0.265
1785544485281218200,0,-0.8268,-0.0,0.0,0.0,0.265
1785544485300471000,0,-0.8268,-0.0,0.0,0.0,0.265
1785544485321190600,0,-0.8268,-0.0,0.0,0.0,0.265
1785544485341349100,0,-0.8268,-0.0,0.0,0.0,0.265
1785544485361423900,0,-0.8268,-0.0,0.0,0.0,0.265
1785544485381059400,0,-0.8268,-0.0,0.0,0.0,0.265
1785544485400925500,0,-0.8268,-0.0,0.0,0.0,0.265
1785544485421029300,0,-0.8268,-0.0,0.0,0.0,0.265
1785544485441395000,0,-0.8268,-0.0,0.0,0.0,0.265
1785544485461004300,0,-0.8268,-0.0,0.0,0.0,0.265
1785544485481095500,0,-0.8268,-0.0,0.0,0.0,0.265
1785544485500446800,0,-0.8268,-0.0,0.0,0.0,0.265
1785544485521426700,0,-0.8268,-0.0,0.0,0.0,0.265
1785544485541193600,0,-0.8268,-0.0,0.0,0.0,0.265
1785544485561088300,0,-0.8268,-0.0,0.0,0.0,0.265
1785544485581169500,0,-0.8268,-0.0,0.0,0.0,0.265
1785544485601140000,0,-0.8268,-0.0,0.0,0.0,0.265
