t_recv_wall_ns,frame_id,sim_time_ns,jpeg_size,file
1785522626163893400,67801,1785522626144152400,38893,00067801.jpg
1785522626288440000,67802,1785522626177460100,38855,00067802.jpg
1785522626291560400,67803,1785522626210770900,38627,00067803.jpg
1785522626295001600,67804,1785522626244113400,38293,00067804.jpg
1785522626298981600,67805,1785522626277448900,38084,00067805.jpg
1785522626332357500,67806,1785522626310980700,37969,00067806.jpg
1785522626365196700,67807,1785522626344208100,38204,00067807.jpg
1785522626397557100,67808,1785522626377489900,38447,00067808.jpg
1785522626429707500,67809,1785522626410837900,38412,00067809.jpg
1785522626462989900,67810,1785522626444136100,38318,00067810.jpg
1785522626499020400,67811,1785522626477475300,38365,00067811.jpg
1785522626530330600,67812,1785522626510814400,38466,00067812.jpg
1785522626563312300,67813,1785522626544150500,38501,00067813.jpg
1785522626597799000,67814,1785522626577524800,38550,00067814.jpg
1785522626630194800,67815,1785522626610782400,38563,00067815.jpg
1785522626665095400,67816,1785522626644173300,38510,00067816.jpg
1785522626696870300,67817,1785522626677558500,38578,00067817.jpg
1785522626731125400,67818,1785522626710786300,38500,00067818.jpg
1785522626765113000,67819,1785522626744161600,38497,00067819.jpg
1785522626796984100,67820,1785522626777462400,38527,00067820.jpg
1785522626830643800,67821,1785522626810803000,38458,00067821.jpg
1785522626863933400,67822,1785522626844132700,38410,00067822.jpg
1785522626896797700,67823,1785522626877426600,38433,00067823.jpg
1785522626931891700,67824,1785522626910756700,38373,00067824.jpg
1785522626964701300,67825,1785522626944107700,38369,00067825.jpg
1785522626997081100,67826,1785522626977429500,38301,00067826.jpg
1785522627031056200,67827,1785522627010756600,38261,00067827.jpg
1785522627064837700,67828,1785522627044241900,38286,00067828.jpg
1785522627097459900,67829,1785522627077436300,38242,00067829.jpg
1785522627130966400,67830,1785522627110723900,38227,00067830.jpg
1785522627163531600,67831,1785522627144049900,38130,00067831.jpg
1785522627196110300,67832,1785522627177403000,38093,00067832.jpg
1785522627230528600,67833,1785522627210705200,37780,00067833.jpg
1785522627263249700,67834,1785522627244073900,37483,00067834.jpg
1785522627297321100,67835,1785522627277439200,37315,00067835.jpg
1785522627330524300,67836,1785522627310678900,37235,00067836.jpg
1785522627364587600,67837,1785522627344111700,37413,00067837.jpg
1785522627397598500,67838,1785522627377459300,37648,00067838.jpg
1785522627429909100,67839,1785522627410749100,37503,00067839.jpg
1785522627464758200,67840,1785522627444065300,37369,00067840.jpg
1785522627496986700,67841,1785522627477401500,37400,00067841.jpg
1785522627530522000,67842,1785522627510719900,37419,00067842.jpg
1785522627564376900,67843,1785522627544130100,37417,00067843.jpg
1785522627597470900,67844,1785522627577493400,37410,00067844.jpg
1785522627630475500,67845,1785522627610845100,37371,00067845.jpg
1785522627664643100,67846,1785522627644149400,37306,00067846.jpg
1785522627696622200,67847,1785522627677496800,37266,00067847.jpg
1785522627731194900,67848,1785522627710794600,37231,00067848.jpg
1785522627763096100,67849,1785522627744126900,37172,00067849.jpg
1785522627796507900,67850,1785522627777411600,37146,00067850.jpg
1785522627830417400,67851,1785522627810767100,37114,00067851.jpg
1785522627863149000,67852,1785522627844230500,37042,00067852.jpg
1785522627896246500,67853,1785522627877491400,37000,00067853.jpg
1785522627929629000,67854,1785522627910721400,36953,00067854.jpg
1785522627963398100,67855,1785522627944052700,36892,00067855.jpg
1785522627996375900,67856,1785522627977315400,36797,00067856.jpg
1785522628030324600,67857,1785522628010722100,36758,00067857.jpg
1785522628063849900,67858,1785522628044031000,36704,00067858.jpg
1785522628095868000,67859,1785522628077486500,36650,00067859.jpg
1785522628129344500,67860,1785522628110783000,36671,00067860.jpg
1785522628163996200,67861,1785522628144213200,36748,00067861.jpg
1785522628196680500,67862,1785522628177371800,36786,00067862.jpg
1785522628230437200,67863,1785522628210748600,36629,00067863.jpg
1785522628264918300,67864,1785522628244006400,36562,00067864.jpg
1785522628297750900,67865,1785522628277371000,36586,00067865.jpg
1785522628329644600,67866,1785522628310689900,36654,00067866.jpg
1785522628363132000,67867,1785522628344065400,36871,00067867.jpg
1785522628396247300,67868,1785522628377383000,37100,00067868.jpg
1785522628430681300,67869,1785522628410707100,37056,00067869.jpg
1785522628462858600,67870,1785522628444016800,37050,00067870.jpg
1785522628496450700,67871,1785522628477468000,37147,00067871.jpg
1785522628529559700,67872,1785522628510722500,37235,00067872.jpg
1785522628563341700,67873,1785522628544368800,37338,00067873.jpg
1785522628596360900,67874,1785522628577447200,37394,00067874.jpg
1785522628631147800,67875,1785522628610732400,37466,00067875.jpg
1785522628663375300,67876,1785522628644068300,37568,00067876.jpg
1785522628696394000,67877,1785522628677484100,37587,00067877.jpg
1785522628731124400,67878,1785522628710784400,37622,00067878.jpg
1785522628763363400,67879,1785522628744129400,37639,00067879.jpg
1785522628796086200,67880,1785522628777477100,37686,00067880.jpg
1785522628830819400,67881,1785522628810804800,37765,00067881.jpg
1785522628863041500,67882,1785522628844226500,37785,00067882.jpg
1785522628896212800,67883,1785522628877663700,37851,00067883.jpg
1785522628929173900,67884,1785522628911226300,37854,00067884.jpg
1785522628962896200,67885,1785522628944070500,37875,00067885.jpg
1785522628996598100,67886,1785522628977385100,37902,00067886.jpg
1785522629031951500,67887,1785522629010860700,37923,00067887.jpg
1785522629063909100,67888,1785522629044211600,37996,00067888.jpg
1785522629097496900,67889,1785522629077398500,37997,00067889.jpg
1785522629130080000,67890,1785522629111283200,38042,00067890.jpg
1785522629163219400,67891,1785522629143990000,38047,00067891.jpg
1785522629196192500,67892,1785522629177585900,38067,00067892.jpg
1785522629229760300,67893,1785522629210658300,37936,00067893.jpg
1785522629263224200,67894,1785522629243998500,37706,00067894.jpg
1785522629296442600,67895,1785522629277481000,37654,00067895.jpg
1785522629330581200,67896,1785522629310650400,37579,00067896.jpg
1785522629363586200,67897,1785522629344057400,37823,00067897.jpg
1785522629396243500,67898,1785522629377767200,38049,00067898.jpg
1785522629430554400,67899,1785522629410677600,38073,00067899.jpg
1785522629462966600,67900,1785522629444003600,38104,00067900.jpg
1785522629496426600,67901,1785522629477341400,38195,00067901.jpg
1785522629530653300,67902,1785522629510693700,38286,00067902.jpg
1785522629563731300,67903,1785522629543945500,38284,00067903.jpg
1785522629596743800,67904,1785522629577760500,38352,00067904.jpg
1785522629630210400,67905,1785522629610895400,38419,00067905.jpg
1785522629664628200,67906,1785522629644003900,38409,00067906.jpg
1785522629696518300,67907,1785522629677333000,38516,00067907.jpg
1785522629730686800,67908,1785522629710665700,38468,00067908.jpg
1785522629763171400,67909,1785522629744052100,38579,00067909.jpg
1785522629796780700,67910,1785522629777409000,38575,00067910.jpg
1785522629829965300,67911,1785522629810803900,38557,00067911.jpg
1785522629863358200,67912,1785522629844014300,38581,00067912.jpg
1785522629896052400,67913,1785522629877436500,38586,00067913.jpg
1785522629930340700,67914,1785522629910705600,38589,00067914.jpg
1785522629965200700,67915,1785522629944041500,38595,00067915.jpg
1785522629996002000,67916,1785522629977376900,38604,00067916.jpg
1785522630029807700,67917,1785522630010715900,38599,00067917.jpg
1785522630063044800,67918,1785522630043987100,38549,00067918.jpg
1785522630096452600,67919,1785522630077397300,38629,00067919.jpg
1785522630130596300,67920,1785522630110735900,38539,00067920.jpg
1785522630163974300,67921,1785522630144583300,38577,00067921.jpg
1785522630196582000,67922,1785522630177366500,38399,00067922.jpg
1785522630229430800,67923,1785522630210795900,38011,00067923.jpg
1785522630263842300,67924,1785522630244005500,37660,00067924.jpg
1785522630297581400,67925,1785522630277322200,37508,00067925.jpg
1785522630329414400,67926,1785522630310629400,37442,00067926.jpg
1785522630362936500,67927,1785522630344296300,37521,00067927.jpg
1785522630396378000,67928,1785522630377369000,37743,00067928.jpg
1785522630431052800,67929,1785522630410786500,37752,00067929.jpg
1785522630463007700,67930,1785522630444644700,37784,00067930.jpg
1785522630496642600,67931,1785522630477404600,37792,00067931.jpg
1785522630529061100,67932,1785522630510832000,37749,00067932.jpg
1785522630562905800,67933,1785522630544149900,37744,00067933.jpg
1785522630596563600,67934,1785522630577578000,37685,00067934.jpg
1785522630629497700,67935,1785522630610791600,37497,00067935.jpg
1785522630664257700,67936,1785522630644203700,37543,00067936.jpg
1785522630696586600,67937,1785522630677524600,37712,00067937.jpg
1785522630731605100,67938,1785522630710851600,37806,00067938.jpg
1785522630763220700,67939,1785522630744166500,37796,00067939.jpg
1785522630797479300,67940,1785522630777418300,38093,00067940.jpg
1785522630829755600,67941,1785522630810823800,37859,00067941.jpg
1785522630864214500,67942,1785522630844353800,38084,00067942.jpg
1785522630896883900,67943,1785522630877426900,37865,00067943.jpg
1785522630930615600,67944,1785522630910847400,37694,00067944.jpg
1785522630964072700,67945,1785522630944286500,38068,00067945.jpg
1785522630997707900,67946,1785522630977436700,37916,00067946.jpg
1785522631030512200,67947,1785522631010723300,37707,00067947.jpg
1785522631064960000,67948,1785522631044049100,37421,00067948.jpg
1785522631097458000,67949,1785522631077415000,37206,00067949.jpg
1785522631130772400,67950,1785522631110755300,37707,00067950.jpg
1785522631163718100,67951,1785522631144074700,36994,00067951.jpg
1785522631196999900,67952,1785522631177417200,36478,00067952.jpg
1785522631231130900,67953,1785522631210654100,35290,00067953.jpg
1785522631262802700,67954,1785522631244012700,35988,00067954.jpg
1785522631296271900,67955,1785522631277931200,35851,00067955.jpg
1785522631330910500,67956,1785522631310739900,35346,00067956.jpg
1785522631363075400,67957,1785522631344010100,35482,00067957.jpg
1785522631396203300,67958,1785522631377414200,35960,00067958.jpg
1785522631429426900,67959,1785522631410750700,36024,00067959.jpg
1785522631463256500,67960,1785522631444012900,36241,00067960.jpg
1785522631497020400,67961,1785522631477443700,36345,00067961.jpg
1785522631530882800,67962,1785522631510671400,37167,00067962.jpg
1785522631564086000,67963,1785522631544228800,37724,00067963.jpg
1785522631597669300,67964,1785522631577403000,37680,00067964.jpg
1785522631629757200,67965,1785522631610696000,37656,00067965.jpg
1785522631663038700,67966,1785522631643919500,37534,00067966.jpg
1785522631695917600,67967,1785522631677344100,37434,00067967.jpg
1785522631730664400,67968,1785522631710668100,37332,00067968.jpg
1785522631763476200,67969,1785522631743998600,37064,00067969.jpg
1785522631796749700,67970,1785522631777346400,37012,00067970.jpg
1785522631830895500,67971,1785522631810780500,37060,00067971.jpg
1785522631864309900,67972,1785522631844078700,37017,00067972.jpg
1785522631897791200,67973,1785522631877423900,36859,00067973.jpg
1785522631929580600,67974,1785522631910712900,36767,00067974.jpg
1785522631963136600,67975,1785522631943960300,36801,00067975.jpg
1785522631996665100,67976,1785522631977361400,36840,00067976.jpg
1785522632032273000,67977,1785522632010728700,36910,00067977.jpg
1785522632063567500,67978,1785522632044342000,36887,00067978.jpg
1785522632098618200,67979,1785522632077332100,36748,00067979.jpg
1785522632130779000,67980,1785522632110644000,36957,00067980.jpg
1785522632163182200,67981,1785522632144064800,37050,00067981.jpg
1785522632196192300,67982,1785522632177328900,37205,00067982.jpg
1785522632229519900,67983,1785522632210658400,37276,00067983.jpg
1785522632263477300,67984,1785522632243958700,37272,00067984.jpg
1785522632297008000,67985,1785522632277294900,37234,00067985.jpg
1785522632331282000,67986,1785522632310728500,37107,00067986.jpg
1785522632363276500,67987,1785522632344558700,37186,00067987.jpg
1785522632396116700,67988,1785522632377458300,37404,00067988.jpg
1785522632430229200,67989,1785522632410685100,37469,00067989.jpg
1785522632464232300,67990,1785522632444010700,37548,00067990.jpg
1785522632496538800,67991,1785522632477309100,37816,00067991.jpg
1785522632530652800,67992,1785522632510717600,37782,00067992.jpg
1785522632563630200,67993,1785522632543963300,37846,00067993.jpg
1785522632596340400,67994,1785522632577371200,37800,00067994.jpg
1785522632630549200,67995,1785522632610710500,38104,00067995.jpg
1785522632663558700,67996,1785522632643968300,38248,00067996.jpg
1785522632696717100,67997,1785522632677393200,38444,00067997.jpg
1785522632730477100,67998,1785522632710579200,38185,00067998.jpg
1785522632764114600,67999,1785522632744242400,38074,00067999.jpg
1785522632796373400,68000,1785522632777370600,37906,00068000.jpg
1785522632830296300,68001,1785522632810712500,38018,00068001.jpg
1785522632862989300,68002,1785522632843875200,38185,00068002.jpg
1785522632896827200,68003,1785522632877214300,38202,00068003.jpg
1785522632931434800,68004,1785522632911163100,38273,00068004.jpg
1785522632963166400,68005,1785522632944443400,38314,00068005.jpg
1785522632996424600,68006,1785522632977204600,38267,00068006.jpg
1785522633030895800,68007,1785522633010638000,38281,00068007.jpg
1785522633063628600,68008,1785522633044130800,38300,00068008.jpg
1785522633096191500,68009,1785522633077399900,38180,00068009.jpg
1785522633131033800,68010,1785522633110641400,38303,00068010.jpg
1785522633162872200,68011,1785522633143959200,38635,00068011.jpg
1785522633196362800,68012,1785522633177261700,38617,00068012.jpg
1785522633229132700,68013,1785522633210522300,38651,00068013.jpg
1785522633263189900,68014,1785522633244137300,38817,00068014.jpg
1785522633296678600,68015,1785522633277178300,38752,00068015.jpg
1785522633330369000,68016,1785522633310545300,38823,00068016.jpg
1785522633362812300,68017,1785522633343801800,39150,00068017.jpg
1785522633396890500,68018,1785522633377134300,39073,00068018.jpg
1785522633429782700,68019,1785522633410676800,39143,00068019.jpg
1785522633462932200,68020,1785522633444061400,39072,00068020.jpg
1785522633497047700,68021,1785522633477322700,39227,00068021.jpg
1785522633529161400,68022,1785522633510543200,39624,00068022.jpg
1785522633562942400,68023,1785522633543988100,39231,00068023.jpg
1785522633597912500,68024,1785522633577311100,39655,00068024.jpg
1785522633629430900,68025,1785522633610618200,39574,00068025.jpg
1785522633663399400,68026,1785522633643930700,39628,00068026.jpg
1785522633697134900,68027,1785522633677240000,39600,00068027.jpg
1785522633729233600,68028,1785522633710968500,39448,00068028.jpg
1785522633762698000,68029,1785522633743849600,39487,00068029.jpg
1785522633796611900,68030,1785522633777270200,38892,00068030.jpg
1785522633830710400,68031,1785522633810716100,38684,00068031.jpg
1785522633863348200,68032,1785522633843858100,38394,00068032.jpg
1785522633896262300,68033,1785522633877299500,37356,00068033.jpg
1785522633930353800,68034,1785522633910570000,37493,00068034.jpg
1785522633963158300,68035,1785522633944060900,37509,00068035.jpg
1785522633996198100,68036,1785522633977464100,38487,00068036.jpg
1785522634029073600,68037,1785522634010688300,38545,00068037.jpg
1785522634063600500,68038,1785522634043888700,38629,00068038.jpg
1785522634096436700,68039,1785522634077264700,38890,00068039.jpg
1785522634129444100,68040,1785522634110566000,39596,00068040.jpg
1785522634163578300,68041,1785522634143876200,39586,00068041.jpg
1785522634196190700,68042,1785522634177445100,39761,00068042.jpg
1785522634230508200,68043,1785522634210554500,40021,00068043.jpg
1785522634263696400,68044,1785522634243774200,39843,00068044.jpg
1785522634296972700,68045,1785522634277229700,39625,00068045.jpg
1785522634329006500,68046,1785522634310483900,39449,00068046.jpg
1785522634363901600,68047,1785522634344365300,39483,00068047.jpg
1785522634397093100,68048,1785522634377394000,39474,00068048.jpg
1785522634429422000,68049,1785522634410702000,39478,00068049.jpg
1785522634462749800,68050,1785522634444022700,39676,00068050.jpg
1785522634497061200,68051,1785522634477287300,40113,00068051.jpg
1785522634530346500,68052,1785522634510694500,39975,00068052.jpg
1785522634563966400,68053,1785522634543960300,39866,00068053.jpg
1785522634597408700,68054,1785522634577332800,41123,00068054.jpg
1785522634629131600,68055,1785522634610728700,40844,00068055.jpg
1785522634663038700,68056,1785522634644148900,40794,00068056.jpg
1785522634696796400,68057,1785522634677243200,41164,00068057.jpg
1785522634729364000,68058,1785522634710507500,41544,00068058.jpg
1785522634763096800,68059,1785522634744363200,41171,00068059.jpg
1785522634797066000,68060,1785522634777243300,41403,00068060.jpg
1785522634830174700,68061,1785522634811160600,40874,00068061.jpg
1785522634863179800,68062,1785522634843820100,39941,00068062.jpg
1785522634897726300,68063,1785522634877240700,39444,00068063.jpg
1785522634930211900,68064,1785522634910461600,35635,00068064.jpg
1785522634963239900,68065,1785522634943910700,33075,00068065.jpg
1785522634996628300,68066,1785522634977293800,29594,00068066.jpg
1785522635030586300,68067,1785522635010657900,27290,00068067.jpg
1785522635063315200,68068,1785522635043949900,27682,00068068.jpg
1785522635096698300,68069,1785522635077200800,34749,00068069.jpg
1785522635130988000,68070,1785522635110456400,34599,00068070.jpg
1785522635164022800,68071,1785522635143990800,34513,00068071.jpg
1785522635196611500,68072,1785522635177130500,34393,00068072.jpg
1785522635229343300,68073,1785522635210492400,34210,00068073.jpg
1785522635263485600,68074,1785522635243699500,34199,00068074.jpg
1785522635297888800,68075,1785522635277354500,34112,00068075.jpg
1785522635329470600,68076,1785522635310466600,34143,00068076.jpg
1785522635363516900,68077,1785522635343859800,34213,00068077.jpg
1785522635395671100,68078,1785522635377499400,34168,00068078.jpg
1785522635428882500,68079,1785522635410481000,34127,00068079.jpg
1785522635464271600,68080,1785522635443844600,34078,00068080.jpg
1785522635496170500,68081,1785522635477213100,33848,00068081.jpg
1785522635530796500,68082,1785522635510446400,33870,00068082.jpg
1785522635563243600,68083,1785522635543819500,33993,00068083.jpg
1785522635596471600,68084,1785522635577203800,34125,00068084.jpg
1785522635629018600,68085,1785522635610442800,34077,00068085.jpg
1785522635662910600,68086,1785522635643818900,34020,00068086.jpg
1785522635696506600,68087,1785522635677170400,34059,00068087.jpg
1785522635729268300,68088,1785522635710499800,33868,00068088.jpg
1785522635763176000,68089,1785522635743797700,33917,00068089.jpg
1785522635796209200,68090,1785522635776973300,33754,00068090.jpg
1785522635830369300,68091,1785522635810375900,33764,00068091.jpg
1785522635863994400,68092,1785522635843986300,33669,00068092.jpg
1785522635897360300,68093,1785522635877320800,33450,00068093.jpg
1785522635929485000,68094,1785522635910523100,33540,00068094.jpg
1785522635962995500,68095,1785522635943729400,33324,00068095.jpg
1785522635995985700,68096,1785522635977103600,33171,00068096.jpg
1785522636030609300,68097,1785522636010406700,32865,00068097.jpg
1785522636063156400,68098,1785522636043721100,32992,00068098.jpg
1785522636096281100,68099,1785522636077086400,32649,00068099.jpg
1785522636129559400,68100,1785522636110433400,32757,00068100.jpg
1785522636162997500,68101,1785522636143768500,32544,00068101.jpg
1785522636196365700,68102,1785522636177158500,32606,00068102.jpg
1785522636230361400,68103,1785522636210383800,32451,00068103.jpg
1785522636263336000,68104,1785522636243725200,32393,00068104.jpg
1785522636296339000,68105,1785522636277110900,32479,00068105.jpg
1785522636330488500,68106,1785522636310552700,32724,00068106.jpg
1785522636363628400,68107,1785522636343681300,32634,00068107.jpg
1785522636396362400,68108,1785522636377180900,32665,00068108.jpg
1785522636430277800,68109,1785522636410447300,32706,00068109.jpg
1785522636463066500,68110,1785522636443912800,32752,00068110.jpg
1785522636495860300,68111,1785522636477199300,32907,00068111.jpg
1785522636530746300,68112,1785522636510524100,33077,00068112.jpg
1785522636564056500,68113,1785522636543754300,33175,00068113.jpg
1785522636595730100,68114,1785522636577154600,33237,00068114.jpg
1785522636630210100,68115,1785522636610555500,33193,00068115.jpg
1785522636663550200,68116,1785522636643833100,33104,00068116.jpg
1785522636697369500,68117,1785522636677134900,33070,00068117.jpg
1785522636729504600,68118,1785522636710558600,33257,00068118.jpg
1785522636764399100,68119,1785522636744128600,33250,00068119.jpg
1785522636795558100,68120,1785522636776991200,33262,00068120.jpg
1785522636829498400,68121,1785522636810651500,33542,00068121.jpg
1785522636862867900,68122,1785522636843765600,33722,00068122.jpg
1785522636896505100,68123,1785522636877237700,33601,00068123.jpg
1785522636929753500,68124,1785522636910523200,33688,00068124.jpg
1785522636963352000,68125,1785522636943889600,33620,00068125.jpg
1785522636995682400,68126,1785522636977178800,33706,00068126.jpg
1785522637030138600,68127,1785522637010653300,33603,00068127.jpg
1785522637063359400,68128,1785522637043905700,33504,00068128.jpg
1785522637095843700,68129,1785522637077281000,33623,00068129.jpg
1785522637130222500,68130,1785522637110602600,33650,00068130.jpg
1785522637163237700,68131,1785522637143882700,33646,00068131.jpg
1785522637198338700,68132,1785522637177086000,33604,00068132.jpg
1785522637230049900,68133,1785522637210355100,33526,00068133.jpg
1785522637263643200,68134,1785522637243756100,33540,00068134.jpg
1785522637295888200,68135,1785522637277065200,33432,00068135.jpg
1785522637329775300,68136,1785522637310619600,33402,00068136.jpg
1785522637363299600,68137,1785522637343740000,33421,00068137.jpg
1785522637396537300,68138,1785522637377071300,33422,00068138.jpg
1785522637428740200,68139,1785522637410549700,33412,00068139.jpg
1785522637464315800,68140,1785522637443862800,33421,00068140.jpg
1785522637496284800,68141,1785522637477224800,33446,00068141.jpg
1785522637529825500,68142,1785522637510437200,33503,00068142.jpg
1785522637562893700,68143,1785522637544467100,33565,00068143.jpg
1785522637596213200,68144,1785522637577036200,33588,00068144.jpg
1785522637628780000,68145,1785522637610393800,33679,00068145.jpg
1785522637663555100,68146,1785522637643813100,33890,00068146.jpg
1785522637695822600,68147,1785522637677112000,33894,00068147.jpg
1785522637729392400,68148,1785522637710418300,34006,00068148.jpg
1785522637763171900,68149,1785522637743725700,33803,00068149.jpg
1785522637796417500,68150,1785522637777055700,33743,00068150.jpg
1785522637830036600,68151,1785522637810492100,33837,00068151.jpg
1785522637864747500,68152,1785522637843733100,33691,00068152.jpg
1785522637895899100,68153,1785522637877176400,33898,00068153.jpg
1785522637929097400,68154,1785522637910517400,33835,00068154.jpg
1785522637963732900,68155,1785522637943769800,33834,00068155.jpg
1785522637996046600,68156,1785522637977148100,33643,00068156.jpg
1785522638030196900,68157,1785522638010520400,33715,00068157.jpg
1785522638063869300,68158,1785522638043725500,33692,00068158.jpg
1785522638095715400,68159,1785522638077217900,33603,00068159.jpg
1785522638130754500,68160,1785522638110508400,33542,00068160.jpg
1785522638162870400,68161,1785522638143816900,33490,00068161.jpg
1785522638196682500,68162,1785522638177033400,33478,00068162.jpg
1785522638229173500,68163,1785522638210263600,33436,00068163.jpg
1785522638263505400,68164,1785522638243711400,33538,00068164.jpg
1785522638296002500,68165,1785522638277060700,33557,00068165.jpg
1785522638329540500,68166,1785522638310426000,33427,00068166.jpg
1785522638363021000,68167,1785522638343796100,33374,00068167.jpg
1785522638396491800,68168,1785522638377110500,33337,00068168.jpg
1785522638429429700,68169,1785522638410397800,33264,00068169.jpg
1785522638463155900,68170,1785522638443815200,33186,00068170.jpg
1785522638496783400,68171,1785522638477093800,33315,00068171.jpg
1785522638530006700,68172,1785522638510491400,33327,00068172.jpg
1785522638563058400,68173,1785522638543709700,33327,00068173.jpg
1785522638596916600,68174,1785522638577047400,33318,00068174.jpg
1785522638630296800,68175,1785522638610255100,33446,00068175.jpg
1785522638663589500,68176,1785522638643705200,33245,00068176.jpg
1785522638696306200,68177,1785522638677075500,33225,00068177.jpg
1785522638731775300,68178,1785522638710468900,33199,00068178.jpg
1785522638763788800,68179,1785522638743811600,33150,00068179.jpg
1785522638796817500,68180,1785522638777089600,33096,00068180.jpg
1785522638829600900,68181,1785522638810296200,33098,00068181.jpg
1785522638862768400,68182,1785522638843758500,33121,00068182.jpg
1785522638896042500,68183,1785522638877013300,33115,00068183.jpg
1785522638929804300,68184,1785522638910419500,33194,00068184.jpg
1785522638963474300,68185,1785522638943776600,33190,00068185.jpg
1785522638995812000,68186,1785522638977071200,34100,00068186.jpg
1785522639029098900,68187,1785522639010863900,35365,00068187.jpg
1785522639062496300,68188,1785522639043725600,35966,00068188.jpg
1785522639095983200,68189,1785522639077191500,36024,00068189.jpg
1785522639130030800,68190,1785522639110459900,36146,00068190.jpg
1785522639163554100,68191,1785522639143771400,35755,00068191.jpg
1785522639197197200,68192,1785522639177112300,36035,00068192.jpg
1785522639229902900,68193,1785522639210273600,36266,00068193.jpg
1785522639263376500,68194,1785522639243570600,36577,00068194.jpg
1785522639296328600,68195,1785522639276969600,36931,00068195.jpg
1785522639329350300,68196,1785522639310357900,37118,00068196.jpg
1785522639362307000,68197,1785522639344133600,37267,00068197.jpg
1785522639396793500,68198,1785522639377003500,37339,00068198.jpg
1785522639429649200,68199,1785522639410316100,37410,00068199.jpg
1785522639463132700,68200,1785522639443727300,37277,00068200.jpg
1785522639496635400,68201,1785522639477113200,37020,00068201.jpg
1785522639530105700,68202,1785522639510400100,37088,00068202.jpg
1785522639563541000,68203,1785522639543655700,37746,00068203.jpg
1785522639596284400,68204,1785522639576983600,37639,00068204.jpg
1785522639629093100,68205,1785522639610307900,37482,00068205.jpg
1785522639663400800,68206,1785522639643681700,37376,00068206.jpg
1785522639696994100,68207,1785522639677053000,37142,00068207.jpg
1785522639728824900,68208,1785522639710303100,36969,00068208.jpg
1785522639762778600,68209,1785522639743786200,36846,00068209.jpg
1785522639796328100,68210,1785522639776924700,36718,00068210.jpg
1785522639829965400,68211,1785522639810223000,36695,00068211.jpg
1785522639862824900,68212,1785522639843926200,36646,00068212.jpg
1785522639896698800,68213,1785522639876901400,36143,00068213.jpg
1785522639929581300,68214,1785522639910286000,35831,00068214.jpg
1785522639963461100,68215,1785522639943526000,35367,00068215.jpg
1785522639996308900,68216,1785522639976818100,35670,00068216.jpg
1785522640028668100,68217,1785522640010160800,35530,00068217.jpg
1785522640062870200,68218,1785522640043495600,35667,00068218.jpg
1785522640096868400,68219,1785522640076840600,35330,00068219.jpg
1785522640129349400,68220,1785522640110205500,35183,00068220.jpg
1785522640163403600,68221,1785522640143519700,35391,00068221.jpg
1785522640196202200,68222,1785522640176804900,35543,00068222.jpg
1785522640229149200,68223,1785522640210211500,35255,00068223.jpg
1785522640262873000,68224,1785522640243546100,34848,00068224.jpg
1785522640296626500,68225,1785522640276919200,34281,00068225.jpg
1785522640330259200,68226,1785522640310232900,34065,00068226.jpg
1785522640363583800,68227,1785522640343623200,34428,00068227.jpg
1785522640395703000,68228,1785522640377058600,34577,00068228.jpg
1785522640430582100,68229,1785522640410381600,34785,00068229.jpg
1785522640462568600,68230,1785522640443633800,34415,00068230.jpg
1785522640497706300,68231,1785522640476921500,33365,00068231.jpg
1785522640528666300,68232,1785522640510443700,32232,00068232.jpg
1785522640562551900,68233,1785522640543604600,33351,00068233.jpg
1785522640596577000,68234,1785522640576886900,33999,00068234.jpg
1785522640629212600,68235,1785522640610472300,34294,00068235.jpg
1785522640663231400,68236,1785522640643444700,34310,00068236.jpg
1785522640695731200,68237,1785522640676836700,34538,00068237.jpg
1785522640729596400,68238,1785522640710128100,34544,00068238.jpg
1785522640763368500,68239,1785522640743402900,34657,00068239.jpg
1785522640796190200,68240,1785522640776734100,34611,00068240.jpg
1785522640828988000,68241,1785522640810059200,34802,00068241.jpg
1785522640863232100,68242,1785522640843429500,34721,00068242.jpg
1785522640896734100,68243,1785522640876761100,34032,00068243.jpg
1785522640928596500,68244,1785522640910081800,33036,00068244.jpg
1785522640963049700,68245,1785522640943394700,32880,00068245.jpg
1785522640996429400,68246,1785522640976688800,34408,00068246.jpg
1785522641028607600,68247,1785522641010029400,34993,00068247.jpg
1785522641062992200,68248,1785522641043350100,35013,00068248.jpg
1785522641096255000,68249,1785522641076716700,34615,00068249.jpg
1785522641129232500,68250,1785522641110105800,34420,00068250.jpg
1785522641161898200,68251,1785522641143461700,34246,00068251.jpg
1785522641197351800,68252,1785522641176742700,34311,00068252.jpg
1785522641230168200,68253,1785522641210135400,34663,00068253.jpg
1785522641261964100,68254,1785522641243649400,34831,00068254.jpg
1785522641295868900,68255,1785522641276687400,35192,00068255.jpg
1785522641329357400,68256,1785522641310134500,35739,00068256.jpg
1785522641363035600,68257,1785522641343467500,35685,00068257.jpg
1785522641395277700,68258,1785522641376690200,35783,00068258.jpg
1785522641428925600,68259,1785522641410071600,35695,00068259.jpg
1785522641462944100,68260,1785522641443360300,35544,00068260.jpg
1785522641496060600,68261,1785522641476726200,35509,00068261.jpg
1785522641529615200,68262,1785522641510026300,35162,00068262.jpg
1785522641564016000,68263,1785522641543396100,35307,00068263.jpg
1785522641596592100,68264,1785522641576709600,35535,00068264.jpg
1785522641628763000,68265,1785522641610172000,35496,00068265.jpg
1785522641662855100,68266,1785522641643423200,35345,00068266.jpg
1785522641696529500,68267,1785522641676771100,35271,00068267.jpg
1785522641729370600,68268,1785522641710012900,35440,00068268.jpg
1785522641763093300,68269,1785522641743456900,35423,00068269.jpg
1785522641796267400,68270,1785522641776686200,35238,00068270.jpg
1785522641828710200,68271,1785522641810071700,34961,00068271.jpg
1785522641864478600,68272,1785522641843413600,34330,00068272.jpg
1785522641896555500,68273,1785522641876694100,34406,00068273.jpg
1785522641929201100,68274,1785522641910007300,34310,00068274.jpg
1785522641962636000,68275,1785522641943333200,34047,00068275.jpg
1785522641996493000,68276,1785522641976668700,34204,00068276.jpg
1785522642029298500,68277,1785522642009992300,33955,00068277.jpg
1785522642062163800,68278,1785522642043329400,34150,00068278.jpg
1785522642096005100,68279,1785522642076650200,34400,00068279.jpg
1785522642129050000,68280,1785522642110012900,34667,00068280.jpg
1785522642164339300,68281,1785522642143507500,34399,00068281.jpg
1785522642195863700,68282,1785522642176637500,33479,00068282.jpg
1785522642229216700,68283,1785522642210085100,33036,00068283.jpg
1785522642264340000,68284,1785522642243397700,34578,00068284.jpg
1785522642296752000,68285,1785522642277055400,35981,00068285.jpg
1785522642328644800,68286,1785522642310005200,36984,00068286.jpg
1785522642363472000,68287,1785522642343332400,37183,00068287.jpg
1785522642396462100,68288,1785522642376645500,37479,00068288.jpg
1785522642430510200,68289,1785522642410536500,37621,00068289.jpg
1785522642463263300,68290,1785522642443345600,37500,00068290.jpg
1785522642497213000,68291,1785522642476704300,37610,00068291.jpg
1785522642529389700,68292,1785522642509966600,37518,00068292.jpg
1785522642564669100,68293,1785522642543333800,37599,00068293.jpg
1785522642596591300,68294,1785522642576596800,37607,00068294.jpg
1785522642628562900,68295,1785522642609984000,37457,00068295.jpg
1785522642663400900,68296,1785522642643317500,37498,00068296.jpg
1785522642695694900,68297,1785522642676703600,37457,00068297.jpg
1785522642729408200,68298,1785522642710008100,37382,00068298.jpg
1785522642762781800,68299,1785522642743309500,37494,00068299.jpg
1785522642797122000,68300,1785522642776676200,37482,00068300.jpg
1785522642829223500,68301,1785522642809947200,37596,00068301.jpg
1785522642863043300,68302,1785522642843311100,37450,00068302.jpg
1785522642896154200,68303,1785522642876666900,37473,00068303.jpg
1785522642929897300,68304,1785522642909945100,37343,00068304.jpg
1785522642964073200,68305,1785522642943351900,37415,00068305.jpg
1785522642995848300,68306,1785522642976739900,37263,00068306.jpg
1785522643028786300,68307,1785522643010002500,37350,00068307.jpg
1785522643062406300,68308,1785522643043264000,37078,00068308.jpg
1785522643095618500,68309,1785522643076662400,36670,00068309.jpg
1785522643128662300,68310,1785522643109955200,35788,00068310.jpg
1785522643162837800,68311,1785522643143253000,34182,00068311.jpg
1785522643196007400,68312,1785522643176595700,32292,00068312.jpg
1785522643228578300,68313,1785522643209934900,32452,00068313.jpg
1785522643263172200,68314,1785522643243243900,33118,00068314.jpg
1785522643295522700,68315,1785522643276679400,33542,00068315.jpg
1785522643329408100,68316,1785522643309937500,33535,00068316.jpg
1785522643362979700,68317,1785522643343328800,33475,00068317.jpg
1785522643396571000,68318,1785522643376799000,33453,00068318.jpg
1785522643428525500,68319,1785522643409914400,33505,00068319.jpg
1785522643462319300,68320,1785522643443222300,33268,00068320.jpg
1785522643496154900,68321,1785522643476612800,33285,00068321.jpg
1785522643529229200,68322,1785522643509915300,33310,00068322.jpg
1785522643562692200,68323,1785522643543356600,33375,00068323.jpg
1785522643596084200,68324,1785522643576609600,33244,00068324.jpg
1785522643629098500,68325,1785522643609898300,33211,00068325.jpg
1785522643663392100,68326,1785522643643309500,33095,00068326.jpg
1785522643696799600,68327,1785522643676541000,33071,00068327.jpg
1785522643728974200,68328,1785522643709892400,32739,00068328.jpg
1785522643763320400,68329,1785522643743238300,31802,00068329.jpg
1785522643794973900,68330,1785522643776521100,31465,00068330.jpg
1785522643830283400,68331,1785522643809919200,32496,00068331.jpg
1785522643863139100,68332,1785522643843279600,34130,00068332.jpg
1785522643897383600,68333,1785522643876620100,35058,00068333.jpg
1785522643930213500,68334,1785522643909891400,35514,00068334.jpg
1785522643963003800,68335,1785522643943218500,35751,00068335.jpg
1785522643996433300,68336,1785522643976608200,36151,00068336.jpg
1785522644029448400,68337,1785522644009847200,36767,00068337.jpg
1785522644063236800,68338,1785522644043140800,36707,00068338.jpg
1785522644096347000,68339,1785522644076654800,36820,00068339.jpg
1785522644128666400,68340,1785522644109874800,36866,00068340.jpg
1785522644163993200,68341,1785522644143405400,37252,00068341.jpg
1785522644196580700,68342,1785522644176540800,38022,00068342.jpg
1785522644229370900,68343,1785522644209880200,38648,00068343.jpg
1785522644262450000,68344,1785522644243147400,39128,00068344.jpg
1785522644297060800,68345,1785522644276549900,39398,00068345.jpg
1785522644329181300,68346,1785522644309872500,39582,00068346.jpg
1785522644362797100,68347,1785522644343240500,39724,00068347.jpg
1785522644397080500,68348,1785522644376520200,39910,00068348.jpg
1785522644429134600,68349,1785522644409878300,40058,00068349.jpg
1785522644462878200,68350,1785522644443159300,40161,00068350.jpg
1785522644496166400,68351,1785522644476568400,40254,00068351.jpg
1785522644528926700,68352,1785522644509850600,40459,00068352.jpg
1785522644564166300,68353,1785522644543196800,40457,00068353.jpg
1785522644596875600,68354,1785522644576476900,40680,00068354.jpg
1785522644630470800,68355,1785522644609855000,40741,00068355.jpg
1785522644663347900,68356,1785522644643175500,40595,00068356.jpg
1785522644696326000,68357,1785522644676522800,40813,00068357.jpg
1785522644729605800,68358,1785522644709866900,40993,00068358.jpg
1785522644763172300,68359,1785522644743183600,40868,00068359.jpg
1785522644795369800,68360,1785522644776588100,40984,00068360.jpg
1785522644829012500,68361,1785522644809854300,41104,00068361.jpg
1785522644863190000,68362,1785522644843180000,41044,00068362.jpg
1785522644896430800,68363,1785522644876551400,41141,00068363.jpg
1785522644928732000,68364,1785522644909783500,41195,00068364.jpg
1785522644962791500,68365,1785522644943174100,41092,00068365.jpg
1785522644996413400,68366,1785522644976514700,40979,00068366.jpg
1785522645029899800,68367,1785522645009997400,40820,00068367.jpg
1785522645063177700,68368,1785522645043185000,40736,00068368.jpg
1785522645096352700,68369,1785522645076567000,40372,00068369.jpg
1785522645128630200,68370,1785522645109889700,39659,00068370.jpg
1785522645161732000,68371,1785522645143069300,39209,00068371.jpg
1785522645195625600,68372,1785522645176504000,39159,00068372.jpg
1785522645228945100,68373,1785522645209809500,38721,00068373.jpg
1785522645262235200,68374,1785522645243115100,38248,00068374.jpg
1785522645297118900,68375,1785522645276497900,38005,00068375.jpg
1785522645328398700,68376,1785522645309805300,37947,00068376.jpg
1785522645362999900,68377,1785522645343163200,37132,00068377.jpg
1785522645395069000,68378,1785522645376544800,35979,00068378.jpg
1785522645429275300,68379,1785522645409852900,34552,00068379.jpg
1785522645462096200,68380,1785522645443141400,32993,00068380.jpg
1785522645495579100,68381,1785522645476500300,32213,00068381.jpg
1785522645529054100,68382,1785522645509894400,31546,00068382.jpg
1785522645563109000,68383,1785522645543264800,31326,00068383.jpg
1785522645595628000,68384,1785522645576648600,31125,00068384.jpg
1785522645629102200,68385,1785522645609829600,30718,00068385.jpg
1785522645662501500,68386,1785522645643191900,30695,00068386.jpg
1785522645695838600,68387,1785522645676457400,30803,00068387.jpg
1785522645729464800,68388,1785522645709875100,30767,00068388.jpg
1785522645763066200,68389,1785522645743581100,30936,00068389.jpg
1785522645796202900,68390,1785522645776553100,30945,00068390.jpg
1785522645828740900,68391,1785522645809823700,30828,00068391.jpg
1785522645864196000,68392,1785522645843137300,30855,00068392.jpg
1785522645896848700,68393,1785522645876609800,30869,00068393.jpg
1785522645929313600,68394,1785522645910035000,30786,00068394.jpg
1785522645961865300,68395,1785522645943415200,30686,00068395.jpg
1785522645996314500,68396,1785522645976547600,30866,00068396.jpg
1785522646029110400,68397,1785522646009917900,31477,00068397.jpg
1785522646063317500,68398,1785522646043176900,31402,00068398.jpg
1785522646095018900,68399,1785522646076458500,32262,00068399.jpg
1785522646129016200,68400,1785522646109841800,32975,00068400.jpg
1785522646162506400,68401,1785522646143125200,33918,00068401.jpg
1785522646195868000,68402,1785522646176452100,35352,00068402.jpg
1785522646229134300,68403,1785522646209752000,36513,00068403.jpg
1785522646261691300,68404,1785522646243075900,37318,00068404.jpg
1785522646297118700,68405,1785522646276414100,38033,00068405.jpg
1785522646329729600,68406,1785522646309748400,38506,00068406.jpg
1785522646363043800,68407,1785522646343439600,39091,00068407.jpg
1785522646396197600,68408,1785522646376614900,39544,00068408.jpg
1785522646430046200,68409,1785522646409884400,39641,00068409.jpg
1785522646462628100,68410,1785522646443418400,39850,00068410.jpg
1785522646497597500,68411,1785522646476494900,40344,00068411.jpg
1785522646529453300,68412,1785522646510239300,40830,00068412.jpg
1785522646563094800,68413,1785522646543160800,41071,00068413.jpg
1785522646595275100,68414,1785522646576455500,40910,00068414.jpg
1785522646628748100,68415,1785522646609750600,40870,00068415.jpg
1785522646663663000,68416,1785522646643446900,41133,00068416.jpg
1785522646695313600,68417,1785522646676506700,41179,00068417.jpg
1785522646729827300,68418,1785522646709820500,41207,00068418.jpg
1785522646763355200,68419,1785522646742996900,41112,00068419.jpg
1785522646795190200,68420,1785522646776466600,41150,00068420.jpg
1785522646828400800,68421,1785522646809782100,41558,00068421.jpg
1785522646862112600,68422,1785522646843073000,41463,00068422.jpg
1785522646895544300,68423,1785522646876397800,41635,00068423.jpg
1785522646929284000,68424,1785522646909748000,41222,00068424.jpg
1785522646962926200,68425,1785522646943354200,41146,00068425.jpg
1785522646996516400,68426,1785522646976501100,41334,00068426.jpg
1785522647028941400,68427,1785522647009804200,40213,00068427.jpg
1785522647062678700,68428,1785522647043082100,39329,00068428.jpg
1785522647096460600,68429,1785522647076475700,38383,00068429.jpg
1785522647128905800,68430,1785522647109829800,37202,00068430.jpg
1785522647162458200,68431,1785522647143146600,36086,00068431.jpg
1785522647196098800,68432,1785522647176468700,35519,00068432.jpg
1785522647228918200,68433,1785522647209789100,33678,00068433.jpg
1785522647263441000,68434,1785522647243128000,32975,00068434.jpg
1785522647296293100,68435,1785522647276413700,31916,00068435.jpg
1785522647329002900,68436,1785522647310154900,31160,00068436.jpg
1785522647363165700,68437,1785522647343176200,31030,00068437.jpg
1785522647395916400,68438,1785522647376371200,30615,00068438.jpg
1785522647428474400,68439,1785522647409796600,30476,00068439.jpg
1785522647461715100,68440,1785522647443015600,30543,00068440.jpg
1785522647495575400,68441,1785522647476352700,30557,00068441.jpg
1785522647529141300,68442,1785522647509703900,30587,00068442.jpg
1785522647561830000,68443,1785522647542995200,30597,00068443.jpg
1785522647594980100,68444,1785522647576344000,30505,00068444.jpg
1785522647629548500,68445,1785522647610300200,30337,00068445.jpg
1785522647662856100,68446,1785522647643062100,30308,00068446.jpg
1785522647694879100,68447,1785522647676383200,30195,00068447.jpg
1785522647730174700,68448,1785522647709699100,30294,00068448.jpg
1785522647762845700,68449,1785522647742997900,30210,00068449.jpg
1785522647796372900,68450,1785522647776374300,30182,00068450.jpg
1785522647828599300,68451,1785522647809697000,30214,00068451.jpg
1785522647863195600,68452,1785522647843024700,30243,00068452.jpg
1785522647896372000,68453,1785522647876494500,30681,00068453.jpg
1785522647929125200,68454,1785522647909687500,30934,00068454.jpg
1785522647962329900,68455,1785522647943043500,31755,00068455.jpg
1785522647995234300,68456,1785522647976316200,32288,00068456.jpg
1785522648029353700,68457,1785522648009674200,32953,00068457.jpg
1785522648061572700,68458,1785522648042976700,33374,00068458.jpg
1785522648095698000,68459,1785522648076354300,33155,00068459.jpg
1785522648128529800,68460,1785522648109678400,33570,00068460.jpg
1785522648162612400,68461,1785522648143004400,34546,00068461.jpg
1785522648195212000,68462,1785522648176333300,34941,00068462.jpg
1785522648229398000,68463,1785522648209711700,35466,00068463.jpg
1785522648263528000,68464,1785522648243008200,35877,00068464.jpg
1785522648296224000,68465,1785522648276455300,36357,00068465.jpg
1785522648329346700,68466,1785522648309654200,36345,00068466.jpg
1785522648363005700,68467,1785522648343048300,36052,00068467.jpg
1785522648396172100,68468,1785522648376322600,35853,00068468.jpg
1785522648429152500,68469,1785522648409698200,35566,00068469.jpg
1785522648463203000,68470,1785522648442994800,35547,00068470.jpg
1785522648496077100,68471,1785522648476467300,35650,00068471.jpg
1785522648528531600,68472,1785522648509698300,35840,00068472.jpg
1785522648563709100,68473,1785522648542919200,35989,00068473.jpg
1785522648595547700,68474,1785522648576266900,35474,00068474.jpg
1785522648629359600,68475,1785522648609623700,35582,00068475.jpg
1785522648662728400,68476,1785522648642986400,35550,00068476.jpg
1785522648696302500,68477,1785522648676280600,35251,00068477.jpg
1785522648729992700,68478,1785522648709682100,34967,00068478.jpg
1785522648763316700,68479,1785522648743027000,34527,00068479.jpg
1785522648796799300,68480,1785522648776404400,34938,00068480.jpg
1785522648828673600,68481,1785522648809624900,34412,00068481.jpg
1785522648862348200,68482,1785522648842941200,34051,00068482.jpg
1785522648895910700,68483,1785522648876356700,33321,00068483.jpg
1785522648929538900,68484,1785522648909626200,33013,00068484.jpg
1785522648961939300,68485,1785522648943028300,33595,00068485.jpg
1785522648995733600,68486,1785522648976427600,33417,00068486.jpg
1785522649030590800,68487,1785522649009666300,33088,00068487.jpg
1785522649062894500,68488,1785522649043008500,32935,00068488.jpg
1785522649096723400,68489,1785522649076373000,32491,00068489.jpg
1785522649128720100,68490,1785522649109724100,32122,00068490.jpg
1785522649161794800,68491,1785522649143523500,31515,00068491.jpg
1785522649196669000,68492,1785522649176317600,31273,00068492.jpg
1785522649229172300,68493,1785522649209705300,31172,00068493.jpg
1785522649262004500,68494,1785522649242922500,31109,00068494.jpg
1785522649295618700,68495,1785522649276287300,31059,00068495.jpg
1785522649329262800,68496,1785522649309669900,31093,00068496.jpg
1785522649362688300,68497,1785522649342936000,31100,00068497.jpg
1785522649396443200,68498,1785522649376285800,30943,00068498.jpg
1785522649428935600,68499,1785522649409726100,30883,00068499.jpg
1785522649462992500,68500,1785522649442929200,30952,00068500.jpg
1785522649495549800,68501,1785522649476272900,30854,00068501.jpg
1785522649528991000,68502,1785522649509592600,30792,00068502.jpg
1785522649562006400,68503,1785522649542949500,30688,00068503.jpg
1785522649595836500,68504,1785522649576332100,30808,00068504.jpg
1785522649628524100,68505,1785522649609557500,30880,00068505.jpg
1785522649662911400,68506,1785522649642961100,31109,00068506.jpg
1785522649696186900,68507,1785522649676256300,31410,00068507.jpg
1785522649728946100,68508,1785522649709612900,32123,00068508.jpg
1785522649762359400,68509,1785522649742902000,32411,00068509.jpg
1785522649795801900,68510,1785522649776274700,32922,00068510.jpg
1785522649828962300,68511,1785522649809576000,33246,00068511.jpg
1785522649862133100,68512,1785522649842894000,34097,00068512.jpg
1785522649896402700,68513,1785522649876374700,34381,00068513.jpg
1785522649928572900,68514,1785522649909687700,34030,00068514.jpg
1785522649962075200,68515,1785522649942907300,33601,00068515.jpg
1785522649995434600,68516,1785522649976275000,33850,00068516.jpg
1785522650029366500,68517,1785522650009623300,34654,00068517.jpg
1785522650063183700,68518,1785522650042906900,34866,00068518.jpg
1785522650095759000,68519,1785522650076425200,34858,00068519.jpg
1785522650129152200,68520,1785522650109880600,34454,00068520.jpg
1785522650162184500,68521,1785522650142909000,33759,00068521.jpg
1785522650196006400,68522,1785522650176226600,33935,00068522.jpg
1785522650229148000,68523,1785522650209576900,34069,00068523.jpg
1785522650261845100,68524,1785522650242891900,34432,00068524.jpg
1785522650296632400,68525,1785522650276391400,34221,00068525.jpg
1785522650328753000,68526,1785522650309555100,34596,00068526.jpg
1785522650363182200,68527,1785522650343361100,34706,00068527.jpg
1785522650395468400,68528,1785522650376233800,34728,00068528.jpg
1785522650430165000,68529,1785522650409600000,34662,00068529.jpg
1785522650461512000,68530,1785522650442876700,34699,00068530.jpg
1785522650495738500,68531,1785522650476251300,34618,00068531.jpg
1785522650528941000,68532,1785522650509587500,34797,00068532.jpg
1785522650563098700,68533,1785522650542856300,34481,00068533.jpg
1785522650597062700,68534,1785522650576239800,34287,00068534.jpg
1785522650628619600,68535,1785522650609545200,34287,00068535.jpg
1785522650661415500,68536,1785522650642896600,34253,00068536.jpg
1785522650695497500,68537,1785522650676287100,34151,00068537.jpg
1785522650729315500,68538,1785522650709526000,34029,00068538.jpg
1785522650762819900,68539,1785522650742979900,34086,00068539.jpg
1785522650795828500,68540,1785522650776288900,34103,00068540.jpg
1785522650828827900,68541,1785522650809651900,34020,00068541.jpg
1785522650862269000,68542,1785522650843639700,34145,00068542.jpg
1785522650896180600,68543,1785522650876240100,34331,00068543.jpg
1785522650928624900,68544,1785522650909608200,34548,00068544.jpg
1785522650962629900,68545,1785522650942903000,34622,00068545.jpg
1785522650996194900,68546,1785522650976291500,34823,00068546.jpg
1785522651028405400,68547,1785522651009559100,35030,00068547.jpg
1785522651061405900,68548,1785522651042931500,35336,00068548.jpg
1785522651095395400,68549,1785522651076278000,35544,00068549.jpg
1785522651129996000,68550,1785522651109593600,35653,00068550.jpg
1785522651162108700,68551,1785522651142877300,35780,00068551.jpg
1785522651196425100,68552,1785522651176392000,35728,00068552.jpg
1785522651228395600,68553,1785522651209547700,35672,00068553.jpg
1785522651262616100,68554,1785522651242860400,35609,00068554.jpg
1785522651295774900,68555,1785522651276177100,35327,00068555.jpg
1785522651328605900,68556,1785522651309485500,35333,00068556.jpg
1785522651362842400,68557,1785522651342834100,35280,00068557.jpg
1785522651395768500,68558,1785522651376160500,35235,00068558.jpg
1785522651429473800,68559,1785522651409503200,35075,00068559.jpg
1785522651462904300,68560,1785522651442772600,35052,00068560.jpg
1785522651495514100,68561,1785522651476228300,35005,00068561.jpg
1785522651528653200,68562,1785522651509509400,34926,00068562.jpg
1785522651562888100,68563,1785522651542873300,34507,00068563.jpg
1785522651596477700,68564,1785522651576194300,34399,00068564.jpg
1785522651628675100,68565,1785522651609548700,34114,00068565.jpg
1785522651664128600,68566,1785522651642876100,33496,00068566.jpg
1785522651695837300,68567,1785522651676120200,32760,00068567.jpg
1785522651728870000,68568,1785522651709583500,32161,00068568.jpg
1785522651762472500,68569,1785522651742819000,31743,00068569.jpg
1785522651796327400,68570,1785522651776107200,31500,00068570.jpg
1785522651829983200,68571,1785522651809528100,31106,00068571.jpg
1785522651864071900,68572,1785522651842886700,30830,00068572.jpg
1785522651896725900,68573,1785522651876169000,30314,00068573.jpg
1785522651929441200,68574,1785522651909510300,30221,00068574.jpg
1785522651962804500,68575,1785522651942816400,30193,00068575.jpg
1785522651995903200,68576,1785522651976163900,30100,00068576.jpg
1785522652030296100,68577,1785522652009498800,29903,00068577.jpg
1785522652064028400,68578,1785522652042745500,30255,00068578.jpg
1785522652096038900,68579,1785522652076103000,30180,00068579.jpg
1785522652128996300,68580,1785522652109492300,30220,00068580.jpg
1785522652162853200,68581,1785522652142771900,30255,00068581.jpg
1785522652196334600,68582,1785522652176097500,30321,00068582.jpg
1785522652228910600,68583,1785522652209464300,30271,00068583.jpg
1785522652263687000,68584,1785522652242850800,30278,00068584.jpg
1785522652295552700,68585,1785522652276059400,30316,00068585.jpg
1785522652328542000,68586,1785522652309417200,30242,00068586.jpg
1785522652361457500,68587,1785522652342941000,30310,00068587.jpg
1785522652395980900,68588,1785522652376239000,30291,00068588.jpg
1785522652428540200,68589,1785522652409669800,30252,00068589.jpg
1785522652461533200,68590,1785522652442823200,30244,00068590.jpg
1785522652494931900,68591,1785522652476119400,30181,00068591.jpg
1785522652529922800,68592,1785522652509475200,30213,00068592.jpg
1785522652561580400,68593,1785522652542943800,30275,00068593.jpg
1785522652596046300,68594,1785522652576157100,30219,00068594.jpg
1785522652629190400,68595,1785522652609457400,30461,00068595.jpg
1785522652662979800,68596,1785522652642789200,30828,00068596.jpg
1785522652696233900,68597,1785522652676121900,30932,00068597.jpg
1785522652729036200,68598,1785522652709447400,30989,00068598.jpg
1785522652761955400,68599,1785522652742756800,31018,00068599.jpg
1785522652795889500,68600,1785522652776101100,30635,00068600.jpg
1785522652828900500,68601,1785522652809423100,30904,00068601.jpg
1785522652863404800,68602,1785522652842780800,31196,00068602.jpg
1785522652895173100,68603,1785522652876110100,31498,00068603.jpg
1785522652929140000,68604,1785522652909401500,32178,00068604.jpg
1785522652962199800,68605,1785522652942727300,32787,00068605.jpg
1785522652996266900,68606,1785522652976049200,33141,00068606.jpg
1785522653028739000,68607,1785522653009455000,33253,00068607.jpg
1785522653061597000,68608,1785522653042785100,33766,00068608.jpg
1785522653095629800,68609,1785522653076276500,34182,00068609.jpg
1785522653129411900,68610,1785522653109503300,33730,00068610.jpg
1785522653162824900,68611,1785522653142724400,33633,00068611.jpg
1785522653195188800,68612,1785522653176079200,33761,00068612.jpg
1785522653229309800,68613,1785522653209423800,33782,00068613.jpg
1785522653262986500,68614,1785522653242705000,33977,00068614.jpg
1785522653294913400,68615,1785522653276161900,34058,00068615.jpg
1785522653329266500,68616,1785522653309463600,34109,00068616.jpg
1785522653362886400,68617,1785522653342727100,34115,00068617.jpg
1785522653397408600,68618,1785522653376135300,34058,00068618.jpg
1785522653429837000,68619,1785522653409666200,34191,00068619.jpg
1785522653461817900,68620,1785522653442728700,34095,00068620.jpg
1785522653497224800,68621,1785522653476031800,34177,00068621.jpg
1785522653528542000,68622,1785522653509382300,34140,00068622.jpg
1785522653562687300,68623,1785522653542730400,34406,00068623.jpg
1785522653596080300,68624,1785522653576075000,34342,00068624.jpg
1785522653628809300,68625,1785522653609419200,33722,00068625.jpg
1785522653662755500,68626,1785522653642702000,33739,00068626.jpg
1785522653696046800,68627,1785522653676021700,33222,00068627.jpg
1785522653728376900,68628,1785522653709402500,33067,00068628.jpg
1785522653762247500,68629,1785522653742797700,32420,00068629.jpg
1785522653795997200,68630,1785522653776139300,31894,00068630.jpg
1785522653828540700,68631,1785522653809401200,31535,00068631.jpg
1785522653862762000,68632,1785522653842740900,31359,00068632.jpg
1785522653897518800,68633,1785522653876171900,31571,00068633.jpg
1785522653928456500,68634,1785522653909407700,32301,00068634.jpg
1785522653962022100,68635,1785522653942769000,32062,00068635.jpg
1785522653995913800,68636,1785522653976299500,31943,00068636.jpg
1785522654028753800,68637,1785522654009565600,31452,00068637.jpg
1785522654061467600,68638,1785522654042847400,31316,00068638.jpg
1785522654095468700,68639,1785522654076214000,31166,00068639.jpg
1785522654129179900,68640,1785522654109518700,30880,00068640.jpg
1785522654161646700,68641,1785522654142825800,30918,00068641.jpg
1785522654195075200,68642,1785522654176407600,30844,00068642.jpg
1785522654229044500,68643,1785522654209273400,30836,00068643.jpg
1785522654261421400,68644,1785522654242715800,30850,00068644.jpg
1785522654296047700,68645,1785522654276026000,30896,00068645.jpg
1785522654328309800,68646,1785522654309311600,30853,00068646.jpg
1785522654363086200,68647,1785522654342709700,30806,00068647.jpg
1785522654394835800,68648,1785522654375987100,30943,00068648.jpg
1785522654429276100,68649,1785522654409403600,30923,00068649.jpg
1785522654461926200,68650,1785522654442795000,30916,00068650.jpg
1785522654495987600,68651,1785522654476023000,30958,00068651.jpg
1785522654529670300,68652,1785522654509328500,30986,00068652.jpg
1785522654562996400,68653,1785522654542695900,30962,00068653.jpg
1785522654595750600,68654,1785522654576117800,31024,00068654.jpg
1785522654629798700,68655,1785522654609312400,30898,00068655.jpg
1785522654661763200,68656,1785522654642640600,31003,00068656.jpg
1785522654695880000,68657,1785522654676549500,31023,00068657.jpg
1785522654728868600,68658,1785522654709352100,31197,00068658.jpg
1785522654763187000,68659,1785522654742714100,31762,00068659.jpg
1785522654796007400,68660,1785522654776115800,32319,00068660.jpg
1785522654829823100,68661,1785522654809447400,31987,00068661.jpg
1785522654862557600,68662,1785522654842778600,32270,00068662.jpg
1785522654895720800,68663,1785522654876088900,32807,00068663.jpg
1785522654929828600,68664,1785522654909436900,32926,00068664.jpg
1785522654961709900,68665,1785522654942917600,32326,00068665.jpg
1785522654996682100,68666,1785522654976099900,31791,00068666.jpg
1785522655029076900,68667,1785522655009497800,31580,00068667.jpg
1785522655062110400,68668,1785522655042754400,31930,00068668.jpg
1785522655095536300,68669,1785522655076277400,32208,00068669.jpg
1785522655130289600,68670,1785522655109661800,32668,00068670.jpg
1785522655161739800,68671,1785522655142861100,33148,00068671.jpg
1785522655195684200,68672,1785522655176181600,33714,00068672.jpg
1785522655230231600,68673,1785522655209656300,34009,00068673.jpg
1785522655262690200,68674,1785522655242896000,34255,00068674.jpg
1785522655295560800,68675,1785522655276160400,34287,00068675.jpg
1785522655330070800,68676,1785522655309729600,34185,00068676.jpg
1785522655361598800,68677,1785522655343353400,34099,00068677.jpg
1785522655394641700,68678,1785522655376207000,34029,00068678.jpg
1785522655428692500,68679,1785522655409497100,34083,00068679.jpg
1785522655463840500,68680,1785522655442673800,33839,00068680.jpg
1785522655495106500,68681,1785522655476213600,33879,00068681.jpg
1785522655528781500,68682,1785522655509420900,33752,00068682.jpg
1785522655563760300,68683,1785522655542855100,33750,00068683.jpg
1785522655594856000,68684,1785522655576083700,33558,00068684.jpg
1785522655628325400,68685,1785522655609478200,33588,00068685.jpg
1785522655663588800,68686,1785522655642737500,33599,00068686.jpg
1785522655696426200,68687,1785522655675995700,33501,00068687.jpg
1785522655729220100,68688,1785522655709382700,33525,00068688.jpg
1785522655761640500,68689,1785522655742662800,33459,00068689.jpg
1785522655795492700,68690,1785522655776006300,33509,00068690.jpg
1785522655829045200,68691,1785522655809361900,33696,00068691.jpg
1785522655862501600,68692,1785522655842757900,33687,00068692.jpg
1785522655896175700,68693,1785522655875995800,33377,00068693.jpg
1785522655929126300,68694,1785522655909373900,32677,00068694.jpg
1785522655961367100,68695,1785522655942776000,32275,00068695.jpg
1785522655996633900,68696,1785522655976051600,31805,00068696.jpg
1785522656028673500,68697,1785522656009284600,31463,00068697.jpg
1785522656063023900,68698,1785522656042729300,31009,00068698.jpg
1785522656094856100,68699,1785522656076124900,31077,00068699.jpg
1785522656129989100,68700,1785522656109330800,31878,00068700.jpg
1785522656162668000,68701,1785522656142618000,32111,00068701.jpg
1785522656195068200,68702,1785522656175925700,32805,00068702.jpg
1785522656229362200,68703,1785522656209387700,32556,00068703.jpg
1785522656262690100,68704,1785522656242638700,32395,00068704.jpg
1785522656297378400,68705,1785522656276136300,32439,00068705.jpg
1785522656329411700,68706,1785522656309446800,32478,00068706.jpg
1785522656361520800,68707,1785522656342660500,32021,00068707.jpg
1785522656396184900,68708,1785522656375957200,31418,00068708.jpg
1785522656429791500,68709,1785522656409346600,31244,00068709.jpg
1785522656462547900,68710,1785522656442811400,31072,00068710.jpg
1785522656494875000,68711,1785522656475968600,31174,00068711.jpg
1785522656529218200,68712,1785522656509391300,31323,00068712.jpg
1785522656563455000,68713,1785522656542658400,31287,00068713.jpg
1785522656596317000,68714,1785522656575958100,31197,00068714.jpg
1785522656628439200,68715,1785522656609273600,31218,00068715.jpg
1785522656662183600,68716,1785522656642564500,31256,00068716.jpg
1785522656695698900,68717,1785522656675917100,31216,00068717.jpg
1785522656728835300,68718,1785522656709326400,31198,00068718.jpg
1785522656761565200,68719,1785522656742589900,31214,00068719.jpg
1785522656795280800,68720,1785522656775952900,31242,00068720.jpg
1785522656829019800,68721,1785522656809310600,31335,00068721.jpg
1785522656861383500,68722,1785522656842707500,31666,00068722.jpg
1785522656895963600,68723,1785522656876102000,32676,00068723.jpg
1785522656928838400,68724,1785522656909438200,33098,00068724.jpg
1785522656962683600,68725,1785522656942959600,33381,00068725.jpg
1785522656994697100,68726,1785522656976102500,33536,00068726.jpg
1785522657028644800,68727,1785522657009340100,34052,00068727.jpg
1785522657061717600,68728,1785522657042739300,33686,00068728.jpg
1785522657097320800,68729,1785522657076472700,33420,00068729.jpg
1785522657128834900,68730,1785522657110355200,33148,00068730.jpg
1785522657162924800,68731,1785522657142824800,32435,00068731.jpg
1785522657196005000,68732,1785522657176035600,32649,00068732.jpg
1785522657230365600,68733,1785522657209375100,32718,00068733.jpg
1785522657262644700,68734,1785522657243183900,32744,00068734.jpg
1785522657295819400,68735,1785522657276148200,33329,00068735.jpg
1785522657328462000,68736,1785522657309688300,34058,00068736.jpg
1785522657362969500,68737,1785522657342747500,34818,00068737.jpg
1785522657397036000,68738,1785522657376035500,35498,00068738.jpg
1785522657429114100,68739,1785522657409538700,35385,00068739.jpg
1785522657462675500,68740,1785522657442756700,35034,00068740.jpg
1785522657497341000,68741,1785522657476070100,34970,00068741.jpg
1785522657528319300,68742,1785522657509298700,35013,00068742.jpg
1785522657562120100,68743,1785522657542693000,34822,00068743.jpg
1785522657595226000,68744,1785522657576048000,34955,00068744.jpg
1785522657629041400,68745,1785522657609355200,35111,00068745.jpg
1785522657661761700,68746,1785522657642726300,35134,00068746.jpg
1785522657696014300,68747,1785522657675958600,35034,00068747.jpg
1785522657728801100,68748,1785522657709262700,35112,00068748.jpg
1785522657761822800,68749,1785522657742660700,35118,00068749.jpg
1785522657796468300,68750,1785522657775940700,34955,00068750.jpg
1785522657828433600,68751,1785522657809263300,35103,00068751.jpg
1785522657861672600,68752,1785522657842595800,35110,00068752.jpg
1785522657896391100,68753,1785522657876028700,35126,00068753.jpg
1785522657928407400,68754,1785522657909418800,35018,00068754.jpg
1785522657962070400,68755,1785522657942650600,35168,00068755.jpg
1785522657995614200,68756,1785522657975976000,35215,00068756.jpg
1785522658029553800,68757,1785522658009340600,35288,00068757.jpg
1785522658063018000,68758,1785522658043362600,35355,00068758.jpg
1785522658095036800,68759,1785522658076095400,35442,00068759.jpg
1785522658128579700,68760,1785522658109444100,35470,00068760.jpg
1785522658162855300,68761,1785522658142634400,35422,00068761.jpg
1785522658194673600,68762,1785522658176016600,35536,00068762.jpg
1785522658228686900,68763,1785522658209414400,35537,00068763.jpg
1785522658261266100,68764,1785522658242676500,35347,00068764.jpg
1785522658295681000,68765,1785522658276221600,35467,00068765.jpg
1785522658329056300,68766,1785522658309247300,35427,00068766.jpg
1785522658362910500,68767,1785522658342690000,35407,00068767.jpg
1785522658396263600,68768,1785522658375930600,35365,00068768.jpg
1785522658429136900,68769,1785522658409259300,35326,00068769.jpg
1785522658462846100,68770,1785522658442696300,35389,00068770.jpg
1785522658495639200,68771,1785522658476069500,35385,00068771.jpg
1785522658528899700,68772,1785522658509325800,35419,00068772.jpg
1785522658562665100,68773,1785522658542724300,35431,00068773.jpg
1785522658595871100,68774,1785522658576200900,35450,00068774.jpg
1785522658628846600,68775,1785522658609183800,35424,00068775.jpg
1785522658661751800,68776,1785522658642450600,35327,00068776.jpg
1785522658696000600,68777,1785522658675777100,35362,00068777.jpg
1785522658729027100,68778,1785522658709211200,35473,00068778.jpg
1785522658762399000,68779,1785522658742695800,35470,00068779.jpg
1785522658795113700,68780,1785522658775878500,35299,00068780.jpg
1785522658828687600,68781,1785522658809358600,35291,00068781.jpg
1785522658862425200,68782,1785522658842545600,35337,00068782.jpg
1785522658897043700,68783,1785522658875960700,35358,00068783.jpg
1785522658928555200,68784,1785522658909204900,35278,00068784.jpg
1785522658961367600,68785,1785522658942526100,35279,00068785.jpg
1785522658996068400,68786,1785522658975822400,35296,00068786.jpg
1785522659028556100,68787,1785522659009090400,35188,00068787.jpg
1785522659062623200,68788,1785522659042501100,35252,00068788.jpg
1785522659096010600,68789,1785522659076098900,35198,00068789.jpg
1785522659128366100,68790,1785522659109407300,35064,00068790.jpg
1785522659161040500,68791,1785522659142627000,35108,00068791.jpg
1785522659196073500,68792,1785522659175836300,35151,00068792.jpg
1785522659229165900,68793,1785522659209386800,35094,00068793.jpg
1785522659262582400,68794,1785522659242471700,35011,00068794.jpg
1785522659296003400,68795,1785522659276002800,35002,00068795.jpg
1785522659328467500,68796,1785522659309154700,34890,00068796.jpg
1785522659361345300,68797,1785522659342567500,34980,00068797.jpg
1785522659394374200,68798,1785522659375971900,34894,00068798.jpg
1785522659429552100,68799,1785522659409547800,34860,00068799.jpg
1785522659462986000,68800,1785522659442955900,34703,00068800.jpg
1785522659496139100,68801,1785522659475934400,34497,00068801.jpg
1785522659528897300,68802,1785522659509315600,34538,00068802.jpg
1785522659562124100,68803,1785522659542624400,34517,00068803.jpg
1785522659595200200,68804,1785522659575965700,34464,00068804.jpg
1785522659629413500,68805,1785522659609302300,34448,00068805.jpg
1785522659662464400,68806,1785522659642529700,34256,00068806.jpg
1785522659695045900,68807,1785522659675802900,34152,00068807.jpg
1785522659728448000,68808,1785522659709245000,34104,00068808.jpg
1785522659761963600,68809,1785522659742532000,33921,00068809.jpg
1785522659795770700,68810,1785522659775781300,33825,00068810.jpg
1785522659828252800,68811,1785522659809438100,33770,00068811.jpg
1785522659861857200,68812,1785522659842480100,33463,00068812.jpg
1785522659895683800,68813,1785522659876169900,33323,00068813.jpg
1785522659928594100,68814,1785522659909695300,33232,00068814.jpg
1785522659962168900,68815,1785522659942636900,33158,00068815.jpg
1785522659995168400,68816,1785522659975943100,33078,00068816.jpg
1785522660029195000,68817,1785522660009284900,32990,00068817.jpg
1785522660061411700,68818,1785522660042515000,32818,00068818.jpg
1785522660094845100,68819,1785522660075935300,32633,00068819.jpg
1785522660128933000,68820,1785522660109397600,32754,00068820.jpg
1785522660161575500,68821,1785522660143237500,33046,00068821.jpg
1785522660196966000,68822,1785522660175931700,33102,00068822.jpg
1785522660227662900,68823,1785522660209447900,33311,00068823.jpg
1785522660262464800,68824,1785522660242923500,33534,00068824.jpg
1785522660296914400,68825,1785522660275938800,33701,00068825.jpg
1785522660329073200,68826,1785522660309396100,33832,00068826.jpg
1785522660361908800,68827,1785522660342699800,34144,00068827.jpg
1785522660395038400,68828,1785522660376385100,34185,00068828.jpg
1785522660429987100,68829,1785522660409331000,36433,00068829.jpg
1785522660462768900,68830,1785522660442581700,37131,00068830.jpg
1785522660496113800,68831,1785522660475863600,37246,00068831.jpg
1785522660528529100,68832,1785522660509126200,37337,00068832.jpg
1785522660562680200,68833,1785522660542795700,37427,00068833.jpg
1785522660596173600,68834,1785522660575976400,37474,00068834.jpg
1785522660629001300,68835,1785522660609256900,37518,00068835.jpg
1785522660663147700,68836,1785522660642560400,37563,00068836.jpg
1785522660696128600,68837,1785522660676276800,37592,00068837.jpg
1785522660729119300,68838,1785522660709485100,37634,00068838.jpg
1785522660763357000,68839,1785522660742444000,37651,00068839.jpg
1785522660794508500,68840,1785522660775742800,37693,00068840.jpg
1785522660829167800,68841,1785522660809009600,37754,00068841.jpg
1785522660862971000,68842,1785522660842404600,37758,00068842.jpg
1785522660896056000,68843,1785522660875692800,37778,00068843.jpg
1785522660929179900,68844,1785522660909123200,37811,00068844.jpg
1785522660961047100,68845,1785522660942621300,37823,00068845.jpg
1785522660995941700,68846,1785522660975783800,37855,00068846.jpg
1785522661028237300,68847,1785522661009019500,37857,00068847.jpg
1785522661061840900,68848,1785522661042395400,37869,00068848.jpg
1785522661094460600,68849,1785522661075731000,37914,00068849.jpg
1785522661128370800,68850,1785522661109275400,37898,00068850.jpg
1785522661163570800,68851,1785522661142479200,37917,00068851.jpg
1785522661194841700,68852,1785522661175745100,37887,00068852.jpg
1785522661228651900,68853,1785522661209248000,37651,00068853.jpg
1785522661263308100,68854,1785522661242570900,37368,00068854.jpg
1785522661294870800,68855,1785522661275673200,37231,00068855.jpg
1785522661328797200,68856,1785522661308973100,37245,00068856.jpg
1785522661360865400,68857,1785522661342305600,37437,00068857.jpg
1785522661394750100,68858,1785522661375885800,37713,00068858.jpg
1785522661428735800,68859,1785522661409268500,37713,00068859.jpg
